time,.header.seq,.header.stamp.secs,.header.stamp.nsecs,.header.frame_id,.pose.position.x,.pose.position.y,.pose.position.z,.pose.orientation.x,.pose.orientation.y,.pose.orientation.z,.pose.orientation.w
2022/10/27/22:32:47.813092,0,0,0,base_link,0.501329519666,0.150147992903,0.108958858226,-0.0272929527207,0.999626382048,-0.000536727802876,0.00137948129105
2022/10/27/22:32:47.823110,1,0,0,base_link,0.501329519666,0.150147992903,0.10883385822,-0.0272929527207,0.999626382048,-0.000536727802876,0.00137948129105
2022/10/27/22:32:47.833222,2,0,0,base_link,0.501329519666,0.150147992903,0.108708858214,-0.0272929527207,0.999626382048,-0.000536727802876,0.00137948129105
2022/10/27/22:32:47.843070,3,0,0,base_link,0.501329519666,0.150147992903,0.108583858252,-0.0272929527207,0.999626382048,-0.000536727802876,0.00137948129105
2022/10/27/22:32:47.853108,4,0,0,base_link,0.501329519666,0.150147992903,0.108458858261,-0.0272929527207,0.999626382048,-0.000536727802876,0.00137948129105
2022/10/27/22:32:47.863122,5,0,0,base_link,0.501329519666,0.150147992903,0.108333858357,-0.0272929527207,0.999626382048,-0.000536727802876,0.00137948129105
2022/10/27/22:32:47.873022,6,0,0,base_link,0.501329519666,0.150147992903,0.108208858453,-0.0272929527207,0.999626382048,-0.000536727802876,0.00137948129105
2022/10/27/22:32:47.883488,7,0,0,base_link,0.501329519666,0.150147992903,0.108083858607,-0.0272929527207,0.999626382048,-0.000536727802876,0.00137948129105
2022/10/27/22:32:47.893021,8,0,0,base_link,0.501329519666,0.150147992903,0.107958858877,-0.0272929527207,0.999626382048,-0.000536727802876,0.00137948129105
2022/10/27/22:32:47.903111,9,0,0,base_link,0.501329519666,0.150147992903,0.10783385909,-0.0272929527207,0.999626382048,-0.000536727802876,0.00137948129105
2022/10/27/22:32:47.913105,10,0,0,base_link,0.501329519666,0.150147992903,0.107708859418,-0.0272929527207,0.999626382048,-0.000536727802876,0.00137948129105
2022/10/27/22:32:47.923203,11,0,0,base_link,0.501329519666,0.150147992903,0.107583859864,-0.0272929527207,0.999626382048,-0.000536727802876,0.00137948129105
2022/10/27/22:32:47.933086,12,0,0,base_link,0.501329519666,0.150147992903,0.107458860309,-0.0272929527207,0.999626382048,-0.000536727802876,0.00137948129105
2022/10/27/22:32:47.943045,13,0,0,base_link,0.501329519666,0.150147992903,0.107333860987,-0.0272929527207,0.999626382048,-0.000536727802876,0.00137948129105
2022/10/27/22:32:47.953061,14,0,0,base_link,0.501329519666,0.150147992903,0.107208861665,-0.0272929527207,0.999626382048,-0.000536727802876,0.00137948129105
2022/10/27/22:32:47.963116,15,0,0,base_link,0.501329519666,0.150147992903,0.107083862459,-0.0272929527207,0.999626382048,-0.000536727802876,0.00137948129105
2022/10/27/22:32:47.973292,16,0,0,base_link,0.501329519666,0.150147992903,0.106958863486,-0.0272929527207,0.999626382048,-0.000536727802876,0.00137948129105
2022/10/27/22:32:47.983347,17,0,0,base_link,0.501329519666,0.150147992903,0.106833864397,-0.0272929527207,0.999626382048,-0.000536727802876,0.00137948129105
2022/10/27/22:32:47.993043,18,0,0,base_link,0.501329519666,0.150147992903,0.106708865774,-0.0272929527207,0.999626382048,-0.000536727802876,0.00137948129105
2022/10/27/22:32:48.003074,19,0,0,base_link,0.501329519666,0.150147992903,0.106583866917,-0.0272929527207,0.999626382048,-0.000536727802876,0.00137948129105
2022/10/27/22:32:48.015322,20,0,0,base_link,0.501329519666,0.150147992903,0.106458868527,-0.0272929527207,0.999626382048,-0.000536727802876,0.00137948129105
2022/10/27/22:32:48.023633,21,0,0,base_link,0.501329519666,0.150147992903,0.106333870136,-0.0272929527207,0.999626382048,-0.000536727802876,0.00137948129105
2022/10/27/22:32:48.034281,22,0,0,base_link,0.501329519666,0.150147992903,0.106208871978,-0.0272929527207,0.999626382048,-0.000536727802876,0.00137948129105
2022/10/27/22:32:48.043225,23,0,0,base_link,0.501329519666,0.150147992903,0.10608387382,-0.0272929527207,0.999626382048,-0.000536727802876,0.00137948129105
2022/10/27/22:32:48.053615,24,0,0,base_link,0.501329519666,0.150147992903,0.105958875895,-0.0272929527207,0.999626382048,-0.000536727802876,0.00137948129105
2022/10/27/22:32:48.063051,25,0,0,base_link,0.501329519666,0.150147992903,0.105833878203,-0.0272929527207,0.999626382048,-0.000536727802876,0.00137948129105
2022/10/27/22:32:48.073101,26,0,0,base_link,0.501329519666,0.150147992903,0.105708880744,-0.0272929527207,0.999626382048,-0.000536727802876,0.00137948129105
2022/10/27/22:32:48.083015,27,0,0,base_link,0.501329519666,0.150147992903,0.105583883517,-0.0272929527207,0.999626382048,-0.000536727802876,0.00137948129105
2022/10/27/22:32:48.093119,28,0,0,base_link,0.501329519666,0.150147992903,0.105458886524,-0.0272929527207,0.999626382048,-0.000536727802876,0.00137948129105
2022/10/27/22:32:48.103011,29,0,0,base_link,0.501329519666,0.150147992903,0.10533388953,-0.0272929527207,0.999626382048,-0.000536727802876,0.00137948129105
2022/10/27/22:32:48.113138,30,0,0,base_link,0.501329519666,0.150147992903,0.105208893002,-0.0272929527207,0.999626382048,-0.000536727802876,0.00137948129105
2022/10/27/22:32:48.123049,31,0,0,base_link,0.501329519666,0.150147992903,0.105083896707,-0.0272929527207,0.999626382048,-0.000536727802876,0.00137948129105
2022/10/27/22:32:48.133058,32,0,0,base_link,0.501329519666,0.150147992903,0.104958900877,-0.0272929527207,0.999626382048,-0.000536727802876,0.00137948129105
2022/10/27/22:32:48.143161,33,0,0,base_link,0.501329519666,0.150147992903,0.104833904815,-0.0272929527207,0.999626382048,-0.000536727802876,0.00137948129105
2022/10/27/22:32:48.153018,34,0,0,base_link,0.501329519666,0.150147992903,0.104708909684,-0.0272929527207,0.999626382048,-0.000536727802876,0.00137948129105
2022/10/27/22:32:48.163174,35,0,0,base_link,0.501329519666,0.150147992903,0.104583914553,-0.0272929527207,0.999626382048,-0.000536727802876,0.00137948129105
2022/10/27/22:32:48.173121,36,0,0,base_link,0.501329519666,0.150147992903,0.104458919422,-0.0272929527207,0.999626382048,-0.000536727802876,0.00137948129105
2022/10/27/22:32:48.183033,37,0,0,base_link,0.501329519666,0.150147992903,0.104333925222,-0.0272929527207,0.999626382048,-0.000536727802876,0.00137948129105
2022/10/27/22:32:48.194131,38,0,0,base_link,0.501329519666,0.150147992903,0.104208930556,-0.0272929527207,0.999626382048,-0.000536727802876,0.00137948129105
2022/10/27/22:32:48.203032,39,0,0,base_link,0.501329519666,0.150147992903,0.104083936822,-0.0272929527207,0.999626382048,-0.000536727802876,0.00137948129105
2022/10/27/22:32:48.213150,40,0,0,base_link,0.501329519666,0.150147992903,0.103958943088,-0.0272929527207,0.999626382048,-0.000536727802876,0.00137948129105
2022/10/27/22:32:48.223112,41,0,0,base_link,0.501329519666,0.150147992903,0.10383394982,-0.0272929527207,0.999626382048,-0.000536727802876,0.00137948129105
2022/10/27/22:32:48.233039,42,0,0,base_link,0.501329519666,0.150147992903,0.103708956552,-0.0272929527207,0.999626382048,-0.000536727802876,0.00137948129105
2022/10/27/22:32:48.243101,43,0,0,base_link,0.501329519666,0.150147992903,0.103583963749,-0.0272929527207,0.999626382048,-0.000536727802876,0.00137948129105
2022/10/27/22:32:48.253046,44,0,0,base_link,0.501329519666,0.150147992903,0.103458971412,-0.0272929527207,0.999626382048,-0.000536727802876,0.00137948129105
2022/10/27/22:32:48.263038,45,0,0,base_link,0.501329519666,0.150147992903,0.10333397954,-0.0272929527207,0.999626382048,-0.000536727802876,0.00137948129105
2022/10/27/22:32:48.273051,46,0,0,base_link,0.501329519666,0.150147992903,0.103208987669,-0.0272929527207,0.999626382048,-0.000536727802876,0.00137948129105
2022/10/27/22:32:48.283093,47,0,0,base_link,0.501329519666,0.150147992903,0.103083996263,-0.0272929527207,0.999626382048,-0.000536727802876,0.00137948129105
2022/10/27/22:32:48.293050,48,0,0,base_link,0.501329519666,0.150147992903,0.102959005323,-0.0272929527207,0.999626382048,-0.000536727802876,0.00137948129105
2022/10/27/22:32:48.303027,49,0,0,base_link,0.501329519666,0.150147992903,0.102834014849,-0.0272929527207,0.999626382048,-0.000536727802876,0.00137948129105
2022/10/27/22:32:48.313230,50,0,0,base_link,0.501329519666,0.150147992903,0.10270902484,-0.0272929527207,0.999626382048,-0.000536727802876,0.00137948129105
2022/10/27/22:32:48.323123,51,0,0,base_link,0.501329519666,0.150147992903,0.102584034831,-0.0272929527207,0.999626382048,-0.000536727802876,0.00137948129105
2022/10/27/22:32:48.333259,52,0,0,base_link,0.501329519666,0.150147992903,0.102459045288,-0.0272929527207,0.999626382048,-0.000536727802876,0.00137948129105
2022/10/27/22:32:48.344418,53,0,0,base_link,0.501329519666,0.150147992903,0.102334056211,-0.0272929527207,0.999626382048,-0.000536727802876,0.00137948129105
2022/10/27/22:32:48.353074,54,0,0,base_link,0.501329519666,0.150147992903,0.102209067599,-0.0272929527207,0.999626382048,-0.000536727802876,0.00137948129105
2022/10/27/22:32:48.363090,55,0,0,base_link,0.501329519666,0.150147992903,0.102084079453,-0.0272929527207,0.999626382048,-0.000536727802876,0.00137948129105
2022/10/27/22:32:48.373060,56,0,0,base_link,0.501329519666,0.150147992903,0.101959091772,-0.0272929527207,0.999626382048,-0.000536727802876,0.00137948129105
2022/10/27/22:32:48.383039,57,0,0,base_link,0.501329519666,0.150147992903,0.101834104557,-0.0272929527207,0.999626382048,-0.000536727802876,0.00137948129105
2022/10/27/22:32:48.393505,58,0,0,base_link,0.501329519666,0.150147992903,0.101709117808,-0.0272929527207,0.999626382048,-0.000536727802876,0.00137948129105
2022/10/27/22:32:48.403047,59,0,0,base_link,0.501329519666,0.150147992903,0.101584131059,-0.0272929527207,0.999626382048,-0.000536727802876,0.00137948129105
2022/10/27/22:32:48.413111,60,0,0,base_link,0.501329519666,0.150147992903,0.101459145241,-0.0272929527207,0.999626382048,-0.000536727802876,0.00137948129105
2022/10/27/22:32:48.423028,61,0,0,base_link,0.501329519666,0.150147992903,0.101334159889,-0.0272929527207,0.999626382048,-0.000536727802876,0.00137948129105
2022/10/27/22:32:48.433477,62,0,0,base_link,0.501329519666,0.150147992903,0.101209174537,-0.0272929527207,0.999626382048,-0.000536727802876,0.00137948129105
2022/10/27/22:32:48.443153,63,0,0,base_link,0.501329519666,0.150147992903,0.101084190582,-0.0272929527207,0.999626382048,-0.000536727802876,0.00137948129105
2022/10/27/22:32:48.453023,64,0,0,base_link,0.501329519666,0.150147992903,0.10095920523,-0.0272929527207,0.999626382048,-0.000536727802876,0.00137948129105
2022/10/27/22:32:48.463010,65,0,0,base_link,0.501329519666,0.150147992903,0.10083422174,-0.0272929527207,0.999626382048,-0.000536727802876,0.00137948129105
2022/10/27/22:32:48.473017,66,0,0,base_link,0.501329519666,0.150147992903,0.100709238251,-0.0272929527207,0.999626382048,-0.000536727802876,0.00137948129105
2022/10/27/22:32:48.483102,67,0,0,base_link,0.501329519666,0.150147992903,0.100584254761,-0.0272929527207,0.999626382048,-0.000536727802876,0.00137948129105
2022/10/27/22:32:48.493051,68,0,0,base_link,0.501329519666,0.150147992903,0.100459273134,-0.0272929527207,0.999626382048,-0.000536727802876,0.00137948129105
2022/10/27/22:32:48.503024,69,0,0,base_link,0.501329519666,0.150147992903,0.100334290576,-0.0272929527207,0.999626382048,-0.000536727802876,0.00137948129105
2022/10/27/22:32:48.513225,70,0,0,base_link,0.501329519666,0.150147992903,0.10020930988,-0.0272929527207,0.999626382048,-0.000536727802876,0.00137948129105
2022/10/27/22:32:48.523124,71,0,0,base_link,0.501329519666,0.150147992903,0.100084328254,-0.0272929527207,0.999626382048,-0.000536727802876,0.00137948129105
2022/10/27/22:32:48.533051,72,0,0,base_link,0.501329519666,0.150147992903,0.0999593484894,-0.0272929527207,0.999626382048,-0.000536727802876,0.00137948129105
2022/10/27/22:32:48.543184,73,0,0,base_link,0.501329519666,0.150147992903,0.0998343687251,-0.0272929527207,0.999626382048,-0.000536727802876,0.00137948129105
2022/10/27/22:32:48.553063,74,0,0,base_link,0.501329519666,0.150147992903,0.0997093898922,-0.0272929527207,0.999626382048,-0.000536727802876,0.00137948129105
2022/10/27/22:32:48.563452,75,0,0,base_link,0.501329519666,0.150147992903,0.0995844110593,-0.0272929527207,0.999626382048,-0.000536727802876,0.00137948129105
2022/10/27/22:32:48.573046,76,0,0,base_link,0.501329519666,0.150147992903,0.0994594331578,-0.0272929527207,0.999626382048,-0.000536727802876,0.00137948129105
2022/10/27/22:32:48.583112,77,0,0,base_link,0.501329519666,0.150147992903,0.0993344552562,-0.0272929527207,0.999626382048,-0.000536727802876,0.00137948129105
2022/10/27/22:32:48.594457,78,0,0,base_link,0.501329519666,0.150147992903,0.0992094782859,-0.0272929527207,0.999626382048,-0.000536727802876,0.00137948129105
2022/10/27/22:32:48.603027,79,0,0,base_link,0.501329519666,0.150147992903,0.099084502247,-0.0272929527207,0.999626382048,-0.000536727802876,0.00137948129105
2022/10/27/22:32:48.613021,80,0,0,base_link,0.501329519666,0.150147992903,0.0989595271394,-0.0272929527207,0.999626382048,-0.000536727802876,0.00137948129105
2022/10/27/22:32:48.623155,81,0,0,base_link,0.501329519666,0.150147992903,0.0988345520318,-0.0272929527207,0.999626382048,-0.000536727802876,0.00137948129105
2022/10/27/22:32:48.633071,82,0,0,base_link,0.501329519666,0.150147992903,0.0987095778555,-0.0272929527207,0.999626382048,-0.000536727802876,0.00137948129105
2022/10/27/22:32:48.644081,83,0,0,base_link,0.501329519666,0.150147992903,0.0985846036792,-0.0272929527207,0.999626382048,-0.000536727802876,0.00137948129105
2022/10/27/22:32:48.653024,84,0,0,base_link,0.501329519666,0.150147992903,0.0984596313656,-0.0272929527207,0.999626382048,-0.000536727802876,0.00137948129105
2022/10/27/22:32:48.663109,85,0,0,base_link,0.501329519666,0.150147992903,0.0983346590519,-0.0272929527207,0.999626382048,-0.000536727802876,0.00137948129105
2022/10/27/22:32:48.673087,86,0,0,base_link,0.501329519666,0.150147992903,0.0982096867383,-0.0272929527207,0.999626382048,-0.000536727802876,0.00137948129105
2022/10/27/22:32:48.683591,87,0,0,base_link,0.501329519666,0.150147992903,0.0980847162873,-0.0272929527207,0.999626382048,-0.000536727802876,0.00137948129105
2022/10/27/22:32:48.693051,88,0,0,base_link,0.501329519666,0.150147992903,0.0979597458363,-0.0272929527207,0.999626382048,-0.000536727802876,0.00137948129105
2022/10/27/22:32:48.703048,89,0,0,base_link,0.501329519666,0.150147992903,0.0978347763166,-0.0272929527207,0.999626382048,-0.000536727802876,0.00137948129105
2022/10/27/22:32:48.713034,90,0,0,base_link,0.501329519666,0.150147992903,0.0977098067969,-0.0272929527207,0.999626382048,-0.000536727802876,0.00137948129105
2022/10/27/22:32:48.723074,91,0,0,base_link,0.501329519666,0.150147992903,0.0975848391399,-0.0272929527207,0.999626382048,-0.000536727802876,0.00137948129105
2022/10/27/22:32:48.733113,92,0,0,base_link,0.501329519666,0.150147992903,0.0974598714829,-0.0272929527207,0.999626382048,-0.000536727802876,0.00137948129105
2022/10/27/22:32:48.743014,93,0,0,base_link,0.501329519666,0.150147992903,0.0973349047572,-0.0272929527207,0.999626382048,-0.000536727802876,0.00137948129105
2022/10/27/22:32:48.753087,94,0,0,base_link,0.501329519666,0.150147992903,0.0972099380315,-0.0272929527207,0.999626382048,-0.000536727802876,0.00137948129105
2022/10/27/22:32:48.763035,95,0,0,base_link,0.501329519666,0.150147992903,0.0970849731684,-0.0272929527207,0.999626382048,-0.000536727802876,0.00137948129105
2022/10/27/22:32:48.773070,96,0,0,base_link,0.501329519666,0.150147992903,0.0969600083053,-0.0272929527207,0.999626382048,-0.000536727802876,0.00137948129105
2022/10/27/22:32:48.783077,97,0,0,base_link,0.501329519666,0.150147992903,0.0968350443736,-0.0272929527207,0.999626382048,-0.000536727802876,0.00137948129105
2022/10/27/22:32:48.794259,98,0,0,base_link,0.501329519666,0.150147992903,0.0967100813732,-0.0272929527207,0.999626382048,-0.000536727802876,0.00137948129105
2022/10/27/22:32:48.803052,99,0,0,base_link,0.501329519666,0.150147992903,0.0965851193041,-0.0272929527207,0.999626382048,-0.000536727802876,0.00137948129105
2022/10/27/22:32:48.813069,100,0,0,base_link,0.501329519666,0.150147992903,0.096460157235,-0.0272929527207,0.999626382048,-0.000536727802876,0.00137948129105
2022/10/27/22:32:48.823034,101,0,0,base_link,0.501329519666,0.150147992903,0.0963351960972,-0.0272929527207,0.999626382048,-0.000536727802876,0.00137948129105
2022/10/27/22:32:48.833109,102,0,0,base_link,0.501329519666,0.150147992903,0.0962102368221,-0.0272929527207,0.999626382048,-0.000536727802876,0.00137948129105
2022/10/27/22:32:48.843059,103,0,0,base_link,0.501329519666,0.150147992903,0.096085277547,-0.0272929527207,0.999626382048,-0.000536727802876,0.00137948129105
2022/10/27/22:32:48.853078,104,0,0,base_link,0.501329519666,0.150147992903,0.0959603192032,-0.0272929527207,0.999626382048,-0.000536727802876,0.00137948129105
2022/10/27/22:32:48.863063,105,0,0,base_link,0.501329519666,0.150147992903,0.0958353608594,-0.0272929527207,0.999626382048,-0.000536727802876,0.00137948129105
2022/10/27/22:32:48.873059,106,0,0,base_link,0.501329519666,0.150147992903,0.0957104043782,-0.0272929527207,0.999626382048,-0.000536727802876,0.00137948129105
2022/10/27/22:32:48.883132,107,0,0,base_link,0.501329519666,0.150147992903,0.0955854488284,-0.0272929527207,0.999626382048,-0.000536727802876,0.00137948129105
2022/10/27/22:32:48.893958,108,0,0,base_link,0.501329519666,0.150147992903,0.0954604932785,-0.0272929527207,0.999626382048,-0.000536727802876,0.00137948129105
2022/10/27/22:32:48.903103,109,0,0,base_link,0.501329519666,0.150147992903,0.0953355395913,-0.0272929527207,0.999626382048,-0.000536727802876,0.00137948129105
2022/10/27/22:32:53.923687,110,0,0,base_link,0.501329519666,0.150147992903,0.0953355395913,-0.0272929527207,0.999626382048,-0.000536727802876,0.00137948129105
2022/10/27/22:32:53.943483,111,0,0,base_link,0.501329519666,0.150147992903,0.0953355395913,-0.0272929527207,0.999626382048,-0.000536727802876,0.00137948129105
2022/10/27/22:32:53.963729,112,0,0,base_link,0.501329519666,0.150147992903,0.0953355395913,-0.0272929527207,0.999626382048,-0.000536727802876,0.00137948129105
2022/10/27/22:32:53.983865,113,0,0,base_link,0.501329519666,0.150147992903,0.0953355395913,-0.0272929527207,0.999626382048,-0.000536727802876,0.00137948129105
2022/10/27/22:32:54.003420,114,0,0,base_link,0.501329519666,0.150147992903,0.0953355395913,-0.0272929527207,0.999626382048,-0.000536727802876,0.00137948129105
2022/10/27/22:32:54.024220,115,0,0,base_link,0.501329519666,0.150147992903,0.0953355395913,-0.0272929527207,0.999626382048,-0.000536727802876,0.00137948129105
2022/10/27/22:32:54.043578,116,0,0,base_link,0.501329519666,0.150147992903,0.0953355395913,-0.0272929527207,0.999626382048,-0.000536727802876,0.00137948129105
2022/10/27/22:32:54.063438,117,0,0,base_link,0.501329519666,0.150147992903,0.0953355395913,-0.0272929527207,0.999626382048,-0.000536727802876,0.00137948129105
2022/10/27/22:32:54.083940,118,0,0,base_link,0.501329519666,0.150147992903,0.0953355395913,-0.0272929527207,0.999626382048,-0.000536727802876,0.00137948129105
2022/10/27/22:32:54.103599,119,0,0,base_link,0.501329519666,0.150147992903,0.0953355395913,-0.0272929527207,0.999626382048,-0.000536727802876,0.00137948129105
2022/10/27/22:32:54.123564,120,0,0,base_link,0.501329519666,0.150147992903,0.0953355395913,-0.0272929527207,0.999626382048,-0.000536727802876,0.00137948129105
2022/10/27/22:32:54.143631,121,0,0,base_link,0.501329519666,0.150147992903,0.0953355395913,-0.0272929527207,0.999626382048,-0.000536727802876,0.00137948129105
2022/10/27/22:32:54.163442,122,0,0,base_link,0.501329519666,0.150147992903,0.0953355395913,-0.0272929527207,0.999626382048,-0.000536727802876,0.00137948129105
2022/10/27/22:32:54.183986,123,0,0,base_link,0.501329519666,0.150147992903,0.0953355395913,-0.0272929527207,0.999626382048,-0.000536727802876,0.00137948129105
2022/10/27/22:32:54.203540,124,0,0,base_link,0.501329519666,0.150147992903,0.0953355395913,-0.0272929527207,0.999626382048,-0.000536727802876,0.00137948129105
2022/10/27/22:32:54.223545,125,0,0,base_link,0.501329519666,0.150147992903,0.0953355395913,-0.0272929527207,0.999626382048,-0.000536727802876,0.00137948129105
2022/10/27/22:32:54.243410,126,0,0,base_link,0.501329519666,0.150147992903,0.0953355395913,-0.0272929527207,0.999626382048,-0.000536727802876,0.00137948129105
2022/10/27/22:32:54.264450,127,0,0,base_link,0.501329519666,0.150147992903,0.0953355395913,-0.0272929527207,0.999626382048,-0.000536727802876,0.00137948129105
2022/10/27/22:32:54.283499,128,0,0,base_link,0.501329519666,0.150147992903,0.0953355395913,-0.0272929527207,0.999626382048,-0.000536727802876,0.00137948129105
2022/10/27/22:32:54.303440,129,0,0,base_link,0.501329519666,0.150147992903,0.0953355395913,-0.0272929527207,0.999626382048,-0.000536727802876,0.00137948129105
2022/10/27/22:32:54.323613,130,0,0,base_link,0.501329519666,0.150147992903,0.0953355395913,-0.0272929527207,0.999626382048,-0.000536727802876,0.00137948129105
2022/10/27/22:32:54.344414,131,0,0,base_link,0.501329519666,0.150147992903,0.0953355395913,-0.0272929527207,0.999626382048,-0.000536727802876,0.00137948129105
2022/10/27/22:32:54.363630,132,0,0,base_link,0.501329519666,0.150147992903,0.0953355395913,-0.0272929527207,0.999626382048,-0.000536727802876,0.00137948129105
2022/10/27/22:32:54.383949,133,0,0,base_link,0.501329519666,0.150147992903,0.0953355395913,-0.0272929527207,0.999626382048,-0.000536727802876,0.00137948129105
2022/10/27/22:32:54.404102,134,0,0,base_link,0.501329519666,0.150147992903,0.0953355395913,-0.0272929527207,0.999626382048,-0.000536727802876,0.00137948129105
2022/10/27/22:32:54.423413,135,0,0,base_link,0.501329519666,0.150147992903,0.0953355395913,-0.0272929527207,0.999626382048,-0.000536727802876,0.00137948129105
2022/10/27/22:32:54.443408,136,0,0,base_link,0.501329519666,0.150147992903,0.0953355395913,-0.0272929527207,0.999626382048,-0.000536727802876,0.00137948129105
2022/10/27/22:32:54.463511,137,0,0,base_link,0.501329519666,0.150147992903,0.0953355395913,-0.0272929527207,0.999626382048,-0.000536727802876,0.00137948129105
2022/10/27/22:32:54.483868,138,0,0,base_link,0.501329519666,0.150147992903,0.0953355395913,-0.0272929527207,0.999626382048,-0.000536727802876,0.00137948129105
2022/10/27/22:32:54.503431,139,0,0,base_link,0.501329519666,0.150147992903,0.0953355395913,-0.0272929527207,0.999626382048,-0.000536727802876,0.00137948129105
2022/10/27/22:32:54.523761,140,0,0,base_link,0.501329519666,0.150147992903,0.0953355395913,-0.0272929527207,0.999626382048,-0.000536727802876,0.00137948129105
2022/10/27/22:32:54.544529,141,0,0,base_link,0.501329519666,0.150147992903,0.0953355395913,-0.0272929527207,0.999626382048,-0.000536727802876,0.00137948129105
2022/10/27/22:32:54.563381,142,0,0,base_link,0.501329519666,0.150147992903,0.0953355395913,-0.0272929527207,0.999626382048,-0.000536727802876,0.00137948129105
2022/10/27/22:32:54.583527,143,0,0,base_link,0.501329519666,0.150147992903,0.0953355395913,-0.0272929527207,0.999626382048,-0.000536727802876,0.00137948129105
2022/10/27/22:32:54.603510,144,0,0,base_link,0.501329519666,0.150147992903,0.0953355395913,-0.0272929527207,0.999626382048,-0.000536727802876,0.00137948129105
2022/10/27/22:32:54.623541,145,0,0,base_link,0.501329519666,0.150147992903,0.0953355395913,-0.0272929527207,0.999626382048,-0.000536727802876,0.00137948129105
2022/10/27/22:32:54.643489,146,0,0,base_link,0.501329519666,0.150147992903,0.0953355395913,-0.0272929527207,0.999626382048,-0.000536727802876,0.00137948129105
2022/10/27/22:32:54.663593,147,0,0,base_link,0.501329519666,0.150147992903,0.0953355395913,-0.0272929527207,0.999626382048,-0.000536727802876,0.00137948129105
2022/10/27/22:32:54.683459,148,0,0,base_link,0.501329519666,0.150147992903,0.0953355395913,-0.0272929527207,0.999626382048,-0.000536727802876,0.00137948129105
2022/10/27/22:32:54.703620,149,0,0,base_link,0.501329519666,0.150147992903,0.0953355395913,-0.0272929527207,0.999626382048,-0.000536727802876,0.00137948129105
2022/10/27/22:32:54.723744,150,0,0,base_link,0.501329519666,0.150147992903,0.0953355395913,-0.0272929527207,0.999626382048,-0.000536727802876,0.00137948129105
2022/10/27/22:32:54.743598,151,0,0,base_link,0.501329519666,0.150147992903,0.0953355395913,-0.0272929527207,0.999626382048,-0.000536727802876,0.00137948129105
2022/10/27/22:32:54.763540,152,0,0,base_link,0.501329519666,0.150147992903,0.0953355395913,-0.0272929527207,0.999626382048,-0.000536727802876,0.00137948129105
2022/10/27/22:32:54.783574,153,0,0,base_link,0.501329519666,0.150147992903,0.0953355395913,-0.0272929527207,0.999626382048,-0.000536727802876,0.00137948129105
2022/10/27/22:32:54.803410,154,0,0,base_link,0.501329519666,0.150147992903,0.0953355395913,-0.0272929527207,0.999626382048,-0.000536727802876,0.00137948129105
2022/10/27/22:32:54.823605,155,0,0,base_link,0.501329519666,0.150147992903,0.0953355395913,-0.0272929527207,0.999626382048,-0.000536727802876,0.00137948129105
2022/10/27/22:32:54.843477,156,0,0,base_link,0.501329519666,0.150147992903,0.0953355395913,-0.0272929527207,0.999626382048,-0.000536727802876,0.00137948129105
2022/10/27/22:32:54.863524,157,0,0,base_link,0.501329519666,0.150147992903,0.0953355395913,-0.0272929527207,0.999626382048,-0.000536727802876,0.00137948129105
2022/10/27/22:32:54.883442,158,0,0,base_link,0.501329519666,0.150147992903,0.0953355395913,-0.0272929527207,0.999626382048,-0.000536727802876,0.00137948129105
2022/10/27/22:32:54.903611,159,0,0,base_link,0.501329519666,0.150147992903,0.0953355395913,-0.0272929527207,0.999626382048,-0.000536727802876,0.00137948129105
2022/10/27/22:32:54.923421,160,0,0,base_link,0.501329519666,0.150147992903,0.0953355395913,-0.0272929527207,0.999626382048,-0.000536727802876,0.00137948129105
2022/10/27/22:32:54.943424,161,0,0,base_link,0.501329519666,0.150147992903,0.0953355395913,-0.0272929527207,0.999626382048,-0.000536727802876,0.00137948129105
2022/10/27/22:32:54.963622,162,0,0,base_link,0.501329519666,0.150147992903,0.0953355395913,-0.0272929527207,0.999626382048,-0.000536727802876,0.00137948129105
2022/10/27/22:32:54.983763,163,0,0,base_link,0.501329519666,0.150147992903,0.0953355395913,-0.0272929527207,0.999626382048,-0.000536727802876,0.00137948129105
2022/10/27/22:32:55.003438,164,0,0,base_link,0.501329519666,0.150147992903,0.0953355395913,-0.0272929527207,0.999626382048,-0.000536727802876,0.00137948129105
2022/10/27/22:32:55.023646,165,0,0,base_link,0.501329519666,0.150147992903,0.0953355395913,-0.0272929527207,0.999626382048,-0.000536727802876,0.00137948129105
2022/10/27/22:32:55.043481,166,0,0,base_link,0.501329519666,0.150147992903,0.0953355395913,-0.0272929527207,0.999626382048,-0.000536727802876,0.00137948129105
2022/10/27/22:32:55.063827,167,0,0,base_link,0.501329519666,0.150147992903,0.0953355395913,-0.0272929527207,0.999626382048,-0.000536727802876,0.00137948129105
2022/10/27/22:32:55.083527,168,0,0,base_link,0.501329519666,0.150147992903,0.0953355395913,-0.0272929527207,0.999626382048,-0.000536727802876,0.00137948129105
2022/10/27/22:32:55.103425,169,0,0,base_link,0.501329519666,0.150147992903,0.0953355395913,-0.0272929527207,0.999626382048,-0.000536727802876,0.00137948129105
2022/10/27/22:32:55.123604,170,0,0,base_link,0.501329519666,0.150147992903,0.0953355395913,-0.0272929527207,0.999626382048,-0.000536727802876,0.00137948129105
2022/10/27/22:32:55.143602,171,0,0,base_link,0.501329519666,0.150147992903,0.0953355395913,-0.0272929527207,0.999626382048,-0.000536727802876,0.00137948129105
2022/10/27/22:32:55.163529,172,0,0,base_link,0.501329519666,0.150147992903,0.0953355395913,-0.0272929527207,0.999626382048,-0.000536727802876,0.00137948129105
2022/10/27/22:32:55.183465,173,0,0,base_link,0.501329519666,0.150147992903,0.0953355395913,-0.0272929527207,0.999626382048,-0.000536727802876,0.00137948129105
2022/10/27/22:32:55.203781,174,0,0,base_link,0.501329519666,0.150147992903,0.0953355395913,-0.0272929527207,0.999626382048,-0.000536727802876,0.00137948129105
2022/10/27/22:32:55.223399,175,0,0,base_link,0.501329519666,0.150147992903,0.0953355395913,-0.0272929527207,0.999626382048,-0.000536727802876,0.00137948129105
2022/10/27/22:32:55.245883,176,0,0,base_link,0.501329519666,0.150147992903,0.0953355395913,-0.0272929527207,0.999626382048,-0.000536727802876,0.00137948129105
2022/10/27/22:32:55.263423,177,0,0,base_link,0.501329519666,0.150147992903,0.0953355395913,-0.0272929527207,0.999626382048,-0.000536727802876,0.00137948129105
2022/10/27/22:32:55.283922,178,0,0,base_link,0.501329519666,0.150147992903,0.0953355395913,-0.0272929527207,0.999626382048,-0.000536727802876,0.00137948129105
2022/10/27/22:32:55.303452,179,0,0,base_link,0.501329519666,0.150147992903,0.0953355395913,-0.0272929527207,0.999626382048,-0.000536727802876,0.00137948129105
2022/10/27/22:32:55.323430,180,0,0,base_link,0.501329519666,0.150147992903,0.0953355395913,-0.0272929527207,0.999626382048,-0.000536727802876,0.00137948129105
2022/10/27/22:32:55.343662,181,0,0,base_link,0.501329519666,0.150147992903,0.0953355395913,-0.0272929527207,0.999626382048,-0.000536727802876,0.00137948129105
2022/10/27/22:32:55.363559,182,0,0,base_link,0.501329519666,0.150147992903,0.0953355395913,-0.0272929527207,0.999626382048,-0.000536727802876,0.00137948129105
2022/10/27/22:32:55.383730,183,0,0,base_link,0.501329519666,0.150147992903,0.0953355395913,-0.0272929527207,0.999626382048,-0.000536727802876,0.00137948129105
2022/10/27/22:32:55.404096,184,0,0,base_link,0.501329519666,0.150147992903,0.0953355395913,-0.0272929527207,0.999626382048,-0.000536727802876,0.00137948129105
2022/10/27/22:32:55.423550,185,0,0,base_link,0.501329519666,0.150147992903,0.0953355395913,-0.0272929527207,0.999626382048,-0.000536727802876,0.00137948129105
2022/10/27/22:32:55.443456,186,0,0,base_link,0.501329519666,0.150147992903,0.0953355395913,-0.0272929527207,0.999626382048,-0.000536727802876,0.00137948129105
2022/10/27/22:32:55.463484,187,0,0,base_link,0.501329519666,0.150147992903,0.0953355395913,-0.0272929527207,0.999626382048,-0.000536727802876,0.00137948129105
2022/10/27/22:32:55.484460,188,0,0,base_link,0.501329519666,0.150147992903,0.0953355395913,-0.0272929527207,0.999626382048,-0.000536727802876,0.00137948129105
2022/10/27/22:32:55.503664,189,0,0,base_link,0.501329519666,0.150147992903,0.0953355395913,-0.0272929527207,0.999626382048,-0.000536727802876,0.00137948129105
2022/10/27/22:32:55.523757,190,0,0,base_link,0.501329519666,0.150147992903,0.0953355395913,-0.0272929527207,0.999626382048,-0.000536727802876,0.00137948129105
2022/10/27/22:32:55.543426,191,0,0,base_link,0.501329519666,0.150147992903,0.0953355395913,-0.0272929527207,0.999626382048,-0.000536727802876,0.00137948129105
2022/10/27/22:32:55.563508,192,0,0,base_link,0.501329519666,0.150147992903,0.0953355395913,-0.0272929527207,0.999626382048,-0.000536727802876,0.00137948129105
2022/10/27/22:32:55.583645,193,0,0,base_link,0.501329519666,0.150147992903,0.0953355395913,-0.0272929527207,0.999626382048,-0.000536727802876,0.00137948129105
2022/10/27/22:32:55.603484,194,0,0,base_link,0.501329519666,0.150147992903,0.0953355395913,-0.0272929527207,0.999626382048,-0.000536727802876,0.00137948129105
2022/10/27/22:32:55.623448,195,0,0,base_link,0.501329519666,0.150147992903,0.0953355395913,-0.0272929527207,0.999626382048,-0.000536727802876,0.00137948129105
2022/10/27/22:32:55.643469,196,0,0,base_link,0.501329519666,0.150147992903,0.0953355395913,-0.0272929527207,0.999626382048,-0.000536727802876,0.00137948129105
2022/10/27/22:32:55.663510,197,0,0,base_link,0.501329519666,0.150147992903,0.0953355395913,-0.0272929527207,0.999626382048,-0.000536727802876,0.00137948129105
2022/10/27/22:32:55.684464,198,0,0,base_link,0.501329519666,0.150147992903,0.0953355395913,-0.0272929527207,0.999626382048,-0.000536727802876,0.00137948129105
2022/10/27/22:32:55.703510,199,0,0,base_link,0.501329519666,0.150147992903,0.0953355395913,-0.0272929527207,0.999626382048,-0.000536727802876,0.00137948129105
2022/10/27/22:32:55.723619,200,0,0,base_link,0.501329519666,0.150147992903,0.0953355395913,-0.0272929527207,0.999626382048,-0.000536727802876,0.00137948129105
2022/10/27/22:32:55.743561,201,0,0,base_link,0.501329519666,0.150147992903,0.0953355395913,-0.0272929527207,0.999626382048,-0.000536727802876,0.00137948129105
2022/10/27/22:32:55.763511,202,0,0,base_link,0.501329519666,0.150147992903,0.0953355395913,-0.0272929527207,0.999626382048,-0.000536727802876,0.00137948129105
2022/10/27/22:32:55.783581,203,0,0,base_link,0.501329519666,0.150147992903,0.0953355395913,-0.0272929527207,0.999626382048,-0.000536727802876,0.00137948129105
2022/10/27/22:32:55.803653,204,0,0,base_link,0.501329519666,0.150147992903,0.0953355395913,-0.0272929527207,0.999626382048,-0.000536727802876,0.00137948129105
2022/10/27/22:32:55.824783,205,0,0,base_link,0.501329519666,0.150147992903,0.0953355395913,-0.0272929527207,0.999626382048,-0.000536727802876,0.00137948129105
2022/10/27/22:32:55.843544,206,0,0,base_link,0.501329519666,0.150147992903,0.0953355395913,-0.0272929527207,0.999626382048,-0.000536727802876,0.00137948129105
2022/10/27/22:32:55.863648,207,0,0,base_link,0.501329519666,0.150147992903,0.0953355395913,-0.0272929527207,0.999626382048,-0.000536727802876,0.00137948129105
2022/10/27/22:32:55.883672,208,0,0,base_link,0.501329519666,0.150147992903,0.0953355395913,-0.0272929527207,0.999626382048,-0.000536727802876,0.00137948129105
2022/10/27/22:32:55.903448,209,0,0,base_link,0.501329519666,0.150147992903,0.0953355395913,-0.0272929527207,0.999626382048,-0.000536727802876,0.00137948129105
2022/10/27/22:32:55.926068,210,0,0,base_link,0.501329519666,0.150147992903,0.0953355395913,-0.0272929527207,0.999626382048,-0.000536727802876,0.00137948129105
2022/10/27/22:32:55.947727,211,0,0,base_link,0.501329519666,0.150147992903,0.0953355395913,-0.0272929527207,0.999626382048,-0.000536727802876,0.00137948129105
2022/10/27/22:32:55.963479,212,0,0,base_link,0.501329519666,0.150147992903,0.0953355395913,-0.0272929527207,0.999626382048,-0.000536727802876,0.00137948129105
2022/10/27/22:32:55.983442,213,0,0,base_link,0.501329519666,0.150147992903,0.0953355395913,-0.0272929527207,0.999626382048,-0.000536727802876,0.00137948129105
2022/10/27/22:32:56.003576,214,0,0,base_link,0.501329519666,0.150147992903,0.0953355395913,-0.0272929527207,0.999626382048,-0.000536727802876,0.00137948129105
2022/10/27/22:32:56.023394,215,0,0,base_link,0.501329519666,0.150147992903,0.0953355395913,-0.0272929527207,0.999626382048,-0.000536727802876,0.00137948129105
2022/10/27/22:32:56.043481,216,0,0,base_link,0.501329519666,0.150147992903,0.0953355395913,-0.0272929527207,0.999626382048,-0.000536727802876,0.00137948129105
2022/10/27/22:32:56.063668,217,0,0,base_link,0.501329519666,0.150147992903,0.0953355395913,-0.0272929527207,0.999626382048,-0.000536727802876,0.00137948129105
2022/10/27/22:32:56.083448,218,0,0,base_link,0.501329519666,0.150147992903,0.0953355395913,-0.0272929527207,0.999626382048,-0.000536727802876,0.00137948129105
2022/10/27/22:32:56.103497,219,0,0,base_link,0.501329519666,0.150147992903,0.0953355395913,-0.0272929527207,0.999626382048,-0.000536727802876,0.00137948129105
2022/10/27/22:32:56.123490,220,0,0,base_link,0.501329519666,0.150147992903,0.0953355395913,-0.0272929527207,0.999626382048,-0.000536727802876,0.00137948129105
2022/10/27/22:32:56.143696,221,0,0,base_link,0.501329519666,0.150147992903,0.0953355395913,-0.0272929527207,0.999626382048,-0.000536727802876,0.00137948129105
2022/10/27/22:32:56.163437,222,0,0,base_link,0.501329519666,0.150147992903,0.0953355395913,-0.0272929527207,0.999626382048,-0.000536727802876,0.00137948129105
2022/10/27/22:32:56.184910,223,0,0,base_link,0.501329519666,0.150147992903,0.0953355395913,-0.0272929527207,0.999626382048,-0.000536727802876,0.00137948129105
2022/10/27/22:32:56.203473,224,0,0,base_link,0.501329519666,0.150147992903,0.0953355395913,-0.0272929527207,0.999626382048,-0.000536727802876,0.00137948129105
2022/10/27/22:32:56.223454,225,0,0,base_link,0.501329519666,0.150147992903,0.0953355395913,-0.0272929527207,0.999626382048,-0.000536727802876,0.00137948129105
2022/10/27/22:32:56.243557,226,0,0,base_link,0.501329519666,0.150147992903,0.0953355395913,-0.0272929527207,0.999626382048,-0.000536727802876,0.00137948129105
2022/10/27/22:32:56.263461,227,0,0,base_link,0.501329519666,0.150147992903,0.0953355395913,-0.0272929527207,0.999626382048,-0.000536727802876,0.00137948129105
2022/10/27/22:32:56.283669,228,0,0,base_link,0.501329519666,0.150147992903,0.0953355395913,-0.0272929527207,0.999626382048,-0.000536727802876,0.00137948129105
2022/10/27/22:32:56.303386,229,0,0,base_link,0.501329519666,0.150147992903,0.0953355395913,-0.0272929527207,0.999626382048,-0.000536727802876,0.00137948129105
2022/10/27/22:32:56.323649,230,0,0,base_link,0.501329519666,0.150147992903,0.0953355395913,-0.0272929527207,0.999626382048,-0.000536727802876,0.00137948129105
2022/10/27/22:32:56.343505,231,0,0,base_link,0.501329519666,0.150147992903,0.0953355395913,-0.0272929527207,0.999626382048,-0.000536727802876,0.00137948129105
2022/10/27/22:32:56.363535,232,0,0,base_link,0.501329519666,0.150147992903,0.0953355395913,-0.0272929527207,0.999626382048,-0.000536727802876,0.00137948129105
2022/10/27/22:32:56.383619,233,0,0,base_link,0.501329519666,0.150147992903,0.0953355395913,-0.0272929527207,0.999626382048,-0.000536727802876,0.00137948129105
2022/10/27/22:32:56.403375,234,0,0,base_link,0.501329519666,0.150147992903,0.0953355395913,-0.0272929527207,0.999626382048,-0.000536727802876,0.00137948129105
2022/10/27/22:32:56.423618,235,0,0,base_link,0.501329519666,0.150147992903,0.0953355395913,-0.0272929527207,0.999626382048,-0.000536727802876,0.00137948129105
2022/10/27/22:32:56.444139,236,0,0,base_link,0.501329519666,0.150147992903,0.0953355395913,-0.0272929527207,0.999626382048,-0.000536727802876,0.00137948129105
2022/10/27/22:32:56.463549,237,0,0,base_link,0.501329519666,0.150147992903,0.0953355395913,-0.0272929527207,0.999626382048,-0.000536727802876,0.00137948129105
2022/10/27/22:32:56.483514,238,0,0,base_link,0.501329519666,0.150147992903,0.0953355395913,-0.0272929527207,0.999626382048,-0.000536727802876,0.00137948129105
2022/10/27/22:32:56.503534,239,0,0,base_link,0.501329519666,0.150147992903,0.0953355395913,-0.0272929527207,0.999626382048,-0.000536727802876,0.00137948129105
2022/10/27/22:32:56.523609,240,0,0,base_link,0.501329519666,0.150147992903,0.0953355395913,-0.0272929527207,0.999626382048,-0.000536727802876,0.00137948129105
2022/10/27/22:32:56.543431,241,0,0,base_link,0.501329519666,0.150147992903,0.0953355395913,-0.0272929527207,0.999626382048,-0.000536727802876,0.00137948129105
2022/10/27/22:32:56.563513,242,0,0,base_link,0.501329519666,0.150147992903,0.0953355395913,-0.0272929527207,0.999626382048,-0.000536727802876,0.00137948129105
2022/10/27/22:32:56.583499,243,0,0,base_link,0.501329519666,0.150147992903,0.0953355395913,-0.0272929527207,0.999626382048,-0.000536727802876,0.00137948129105
2022/10/27/22:32:56.603801,244,0,0,base_link,0.501329519666,0.150147992903,0.0953355395913,-0.0272929527207,0.999626382048,-0.000536727802876,0.00137948129105
2022/10/27/22:32:56.623602,245,0,0,base_link,0.501329519666,0.150147992903,0.0953355395913,-0.0272929527207,0.999626382048,-0.000536727802876,0.00137948129105
2022/10/27/22:32:56.643514,246,0,0,base_link,0.501329519666,0.150147992903,0.0953355395913,-0.0272929527207,0.999626382048,-0.000536727802876,0.00137948129105
2022/10/27/22:32:56.663979,247,0,0,base_link,0.501329519666,0.150147992903,0.0953355395913,-0.0272929527207,0.999626382048,-0.000536727802876,0.00137948129105
2022/10/27/22:32:56.683499,248,0,0,base_link,0.501329519666,0.150147992903,0.0953355395913,-0.0272929527207,0.999626382048,-0.000536727802876,0.00137948129105
2022/10/27/22:32:56.703647,249,0,0,base_link,0.501329519666,0.150147992903,0.0953355395913,-0.0272929527207,0.999626382048,-0.000536727802876,0.00137948129105
2022/10/27/22:32:56.723469,250,0,0,base_link,0.501329519666,0.150147992903,0.0953355395913,-0.0272929527207,0.999626382048,-0.000536727802876,0.00137948129105
2022/10/27/22:32:56.743541,251,0,0,base_link,0.501329519666,0.150147992903,0.0953355395913,-0.0272929527207,0.999626382048,-0.000536727802876,0.00137948129105
2022/10/27/22:32:56.763438,252,0,0,base_link,0.501329519666,0.150147992903,0.0953355395913,-0.0272929527207,0.999626382048,-0.000536727802876,0.00137948129105
2022/10/27/22:32:56.783684,253,0,0,base_link,0.501329519666,0.150147992903,0.0953355395913,-0.0272929527207,0.999626382048,-0.000536727802876,0.00137948129105
2022/10/27/22:32:56.803613,254,0,0,base_link,0.501329519666,0.150147992903,0.0953355395913,-0.0272929527207,0.999626382048,-0.000536727802876,0.00137948129105
2022/10/27/22:32:56.823458,255,0,0,base_link,0.501329519666,0.150147992903,0.0953355395913,-0.0272929527207,0.999626382048,-0.000536727802876,0.00137948129105
2022/10/27/22:32:56.843683,256,0,0,base_link,0.501329519666,0.150147992903,0.0953355395913,-0.0272929527207,0.999626382048,-0.000536727802876,0.00137948129105
2022/10/27/22:32:56.863672,257,0,0,base_link,0.501329519666,0.150147992903,0.0953355395913,-0.0272929527207,0.999626382048,-0.000536727802876,0.00137948129105
2022/10/27/22:32:56.883688,258,0,0,base_link,0.501329519666,0.150147992903,0.0953355395913,-0.0272929527207,0.999626382048,-0.000536727802876,0.00137948129105
2022/10/27/22:32:56.904218,259,0,0,base_link,0.501329519666,0.150147992903,0.0953355395913,-0.0272929527207,0.999626382048,-0.000536727802876,0.00137948129105
2022/10/27/22:32:56.923448,260,0,0,base_link,0.501329519666,0.150147992903,0.0953355395913,-0.0272929527207,0.999626382048,-0.000536727802876,0.00137948129105
2022/10/27/22:32:56.943552,261,0,0,base_link,0.501329519666,0.150147992903,0.0953355395913,-0.0272929527207,0.999626382048,-0.000536727802876,0.00137948129105
2022/10/27/22:32:56.963556,262,0,0,base_link,0.501329519666,0.150147992903,0.0953355395913,-0.0272929527207,0.999626382048,-0.000536727802876,0.00137948129105
2022/10/27/22:32:56.983617,263,0,0,base_link,0.501329519666,0.150147992903,0.0953355395913,-0.0272929527207,0.999626382048,-0.000536727802876,0.00137948129105
2022/10/27/22:32:57.003548,264,0,0,base_link,0.501329519666,0.150147992903,0.0953355395913,-0.0272929527207,0.999626382048,-0.000536727802876,0.00137948129105
2022/10/27/22:32:57.023896,265,0,0,base_link,0.501329519666,0.150147992903,0.0953355395913,-0.0272929527207,0.999626382048,-0.000536727802876,0.00137948129105
2022/10/27/22:32:57.043424,266,0,0,base_link,0.501329519666,0.150147992903,0.0953355395913,-0.0272929527207,0.999626382048,-0.000536727802876,0.00137948129105
2022/10/27/22:32:57.063378,267,0,0,base_link,0.501329519666,0.150147992903,0.0953355395913,-0.0272929527207,0.999626382048,-0.000536727802876,0.00137948129105
2022/10/27/22:32:57.084884,268,0,0,base_link,0.501329519666,0.150147992903,0.0953355395913,-0.0272929527207,0.999626382048,-0.000536727802876,0.00137948129105
2022/10/27/22:32:57.103379,269,0,0,base_link,0.501329519666,0.150147992903,0.0953355395913,-0.0272929527207,0.999626382048,-0.000536727802876,0.00137948129105
2022/10/27/22:32:57.123499,270,0,0,base_link,0.501329519666,0.150147992903,0.0953355395913,-0.0272929527207,0.999626382048,-0.000536727802876,0.00137948129105
2022/10/27/22:32:57.143418,271,0,0,base_link,0.501329519666,0.150147992903,0.0953355395913,-0.0272929527207,0.999626382048,-0.000536727802876,0.00137948129105
2022/10/27/22:32:57.163674,272,0,0,base_link,0.501329519666,0.150147992903,0.0953355395913,-0.0272929527207,0.999626382048,-0.000536727802876,0.00137948129105
2022/10/27/22:32:57.183730,273,0,0,base_link,0.501329519666,0.150147992903,0.0953355395913,-0.0272929527207,0.999626382048,-0.000536727802876,0.00137948129105
2022/10/27/22:32:57.203600,274,0,0,base_link,0.501329519666,0.150147992903,0.0953355395913,-0.0272929527207,0.999626382048,-0.000536727802876,0.00137948129105
2022/10/27/22:32:57.223430,275,0,0,base_link,0.501329519666,0.150147992903,0.0953355395913,-0.0272929527207,0.999626382048,-0.000536727802876,0.00137948129105
2022/10/27/22:32:57.247934,276,0,0,base_link,0.501329519666,0.150147992903,0.0953355395913,-0.0272929527207,0.999626382048,-0.000536727802876,0.00137948129105
2022/10/27/22:32:57.266093,277,0,0,base_link,0.501329519666,0.150147992903,0.0953355395913,-0.0272929527207,0.999626382048,-0.000536727802876,0.00137948129105
2022/10/27/22:32:57.283478,278,0,0,base_link,0.501329519666,0.150147992903,0.0953355395913,-0.0272929527207,0.999626382048,-0.000536727802876,0.00137948129105
2022/10/27/22:32:57.304784,279,0,0,base_link,0.501329519666,0.150147992903,0.0953355395913,-0.0272929527207,0.999626382048,-0.000536727802876,0.00137948129105
2022/10/27/22:32:57.323407,280,0,0,base_link,0.501329519666,0.150147992903,0.0953355395913,-0.0272929527207,0.999626382048,-0.000536727802876,0.00137948129105
2022/10/27/22:32:57.343523,281,0,0,base_link,0.501329519666,0.150147992903,0.0953355395913,-0.0272929527207,0.999626382048,-0.000536727802876,0.00137948129105
2022/10/27/22:32:57.363937,282,0,0,base_link,0.501329519666,0.150147992903,0.0953355395913,-0.0272929527207,0.999626382048,-0.000536727802876,0.00137948129105
2022/10/27/22:32:57.383506,283,0,0,base_link,0.501329519666,0.150147992903,0.0953355395913,-0.0272929527207,0.999626382048,-0.000536727802876,0.00137948129105
2022/10/27/22:32:57.403836,284,0,0,base_link,0.501329519666,0.150147992903,0.0953355395913,-0.0272929527207,0.999626382048,-0.000536727802876,0.00137948129105
2022/10/27/22:32:57.423450,285,0,0,base_link,0.501329519666,0.150147992903,0.0953355395913,-0.0272929527207,0.999626382048,-0.000536727802876,0.00137948129105
2022/10/27/22:32:57.444301,286,0,0,base_link,0.501329519666,0.150147992903,0.0953355395913,-0.0272929527207,0.999626382048,-0.000536727802876,0.00137948129105
2022/10/27/22:32:57.463447,287,0,0,base_link,0.501329519666,0.150147992903,0.0953355395913,-0.0272929527207,0.999626382048,-0.000536727802876,0.00137948129105
2022/10/27/22:32:57.483521,288,0,0,base_link,0.501329519666,0.150147992903,0.0953355395913,-0.0272929527207,0.999626382048,-0.000536727802876,0.00137948129105
2022/10/27/22:32:57.503448,289,0,0,base_link,0.501329519666,0.150147992903,0.0953355395913,-0.0272929527207,0.999626382048,-0.000536727802876,0.00137948129105
2022/10/27/22:32:57.523556,290,0,0,base_link,0.501329519666,0.150147992903,0.0953355395913,-0.0272929527207,0.999626382048,-0.000536727802876,0.00137948129105
2022/10/27/22:32:57.543604,291,0,0,base_link,0.501329519666,0.150147992903,0.0953355395913,-0.0272929527207,0.999626382048,-0.000536727802876,0.00137948129105
2022/10/27/22:32:57.563504,292,0,0,base_link,0.501329519666,0.150147992903,0.0953355395913,-0.0272929527207,0.999626382048,-0.000536727802876,0.00137948129105
2022/10/27/22:32:57.583456,293,0,0,base_link,0.501329519666,0.150147992903,0.0953355395913,-0.0272929527207,0.999626382048,-0.000536727802876,0.00137948129105
2022/10/27/22:32:57.603456,294,0,0,base_link,0.501329519666,0.150147992903,0.0953355395913,-0.0272929527207,0.999626382048,-0.000536727802876,0.00137948129105
2022/10/27/22:32:57.623580,295,0,0,base_link,0.501329519666,0.150147992903,0.0953355395913,-0.0272929527207,0.999626382048,-0.000536727802876,0.00137948129105
2022/10/27/22:32:57.643570,296,0,0,base_link,0.501329519666,0.150147992903,0.0953355395913,-0.0272929527207,0.999626382048,-0.000536727802876,0.00137948129105
2022/10/27/22:32:57.663467,297,0,0,base_link,0.501329519666,0.150147992903,0.0953355395913,-0.0272929527207,0.999626382048,-0.000536727802876,0.00137948129105
2022/10/27/22:32:57.684717,298,0,0,base_link,0.501329519666,0.150147992903,0.0953355395913,-0.0272929527207,0.999626382048,-0.000536727802876,0.00137948129105
2022/10/27/22:32:57.703615,299,0,0,base_link,0.501329519666,0.150147992903,0.0953355395913,-0.0272929527207,0.999626382048,-0.000536727802876,0.00137948129105
2022/10/27/22:32:57.723452,300,0,0,base_link,0.501329519666,0.150147992903,0.0953355395913,-0.0272929527207,0.999626382048,-0.000536727802876,0.00137948129105
2022/10/27/22:32:57.743499,301,0,0,base_link,0.501329519666,0.150147992903,0.0953355395913,-0.0272929527207,0.999626382048,-0.000536727802876,0.00137948129105
2022/10/27/22:32:57.763413,302,0,0,base_link,0.501329519666,0.150147992903,0.0953355395913,-0.0272929527207,0.999626382048,-0.000536727802876,0.00137948129105
2022/10/27/22:32:57.783516,303,0,0,base_link,0.501329519666,0.150147992903,0.0953355395913,-0.0272929527207,0.999626382048,-0.000536727802876,0.00137948129105
2022/10/27/22:32:57.803412,304,0,0,base_link,0.501329519666,0.150147992903,0.0953355395913,-0.0272929527207,0.999626382048,-0.000536727802876,0.00137948129105
2022/10/27/22:32:57.823674,305,0,0,base_link,0.501329519666,0.150147992903,0.0953355395913,-0.0272929527207,0.999626382048,-0.000536727802876,0.00137948129105
2022/10/27/22:32:57.843404,306,0,0,base_link,0.501329519666,0.150147992903,0.0953355395913,-0.0272929527207,0.999626382048,-0.000536727802876,0.00137948129105
2022/10/27/22:32:57.863455,307,0,0,base_link,0.501329519666,0.150147992903,0.0953355395913,-0.0272929527207,0.999626382048,-0.000536727802876,0.00137948129105
2022/10/27/22:32:57.885597,308,0,0,base_link,0.501329519666,0.150147992903,0.0953355395913,-0.0272929527207,0.999626382048,-0.000536727802876,0.00137948129105
2022/10/27/22:32:57.903932,309,0,0,base_link,0.501329519666,0.150147992903,0.0953355395913,-0.0272929527207,0.999626382048,-0.000536727802876,0.00137948129105
2022/10/27/22:32:57.923426,310,0,0,base_link,0.501329519666,0.150147992903,0.0953355395913,-0.0272929527207,0.999626382048,-0.000536727802876,0.00137948129105
2022/10/27/22:32:57.943944,311,0,0,base_link,0.501329519666,0.150147992903,0.0953355395913,-0.0272929527207,0.999626382048,-0.000536727802876,0.00137948129105
2022/10/27/22:32:57.963883,312,0,0,base_link,0.501329519666,0.150147992903,0.0953355395913,-0.0272929527207,0.999626382048,-0.000536727802876,0.00137948129105
2022/10/27/22:32:57.983381,313,0,0,base_link,0.501329519666,0.150147992903,0.0953355395913,-0.0272929527207,0.999626382048,-0.000536727802876,0.00137948129105
2022/10/27/22:32:58.003547,314,0,0,base_link,0.501329519666,0.150147992903,0.0953355395913,-0.0272929527207,0.999626382048,-0.000536727802876,0.00137948129105
2022/10/27/22:32:58.023442,315,0,0,base_link,0.501329519666,0.150147992903,0.0797248259187,-0.0272929527207,0.999626382048,-0.000536727802876,0.00137948129105
2022/10/27/22:32:58.047172,316,0,0,base_link,0.501329519666,0.150147992903,0.0797248259187,-0.0272929527207,0.999626382048,-0.000536727802876,0.00137948129105
2022/10/27/22:32:58.063452,317,0,0,base_link,0.501329519666,0.150147992903,0.0797248259187,-0.0272929527207,0.999626382048,-0.000536727802876,0.00137948129105
2022/10/27/22:32:58.083449,318,0,0,base_link,0.501329519666,0.150147992903,0.0797248259187,-0.0272929527207,0.999626382048,-0.000536727802876,0.00137948129105
2022/10/27/22:32:58.103616,319,0,0,base_link,0.501329519666,0.150147992903,0.0797248259187,-0.0272929527207,0.999626382048,-0.000536727802876,0.00137948129105
2022/10/27/22:32:58.123925,320,0,0,base_link,0.501329519666,0.150147992903,0.0797248259187,-0.0272929527207,0.999626382048,-0.000536727802876,0.00137948129105
2022/10/27/22:32:58.143429,321,0,0,base_link,0.501329519666,0.150147992903,0.0797248259187,-0.0272929527207,0.999626382048,-0.000536727802876,0.00137948129105
2022/10/27/22:32:58.163522,322,0,0,base_link,0.501329519666,0.150147992903,0.0797248259187,-0.0272929527207,0.999626382048,-0.000536727802876,0.00137948129105
2022/10/27/22:32:58.183626,323,0,0,base_link,0.501329519666,0.150147992903,0.0797248259187,-0.0272929527207,0.999626382048,-0.000536727802876,0.00137948129105
2022/10/27/22:32:58.203407,324,0,0,base_link,0.501329519666,0.150147992903,0.0797248259187,-0.0272929527207,0.999626382048,-0.000536727802876,0.00137948129105
2022/10/27/22:32:58.225393,325,0,0,base_link,0.501329519666,0.150147992903,0.0797248259187,-0.0272929527207,0.999626382048,-0.000536727802876,0.00137948129105
2022/10/27/22:32:58.243526,326,0,0,base_link,0.501329519666,0.150147992903,0.0797248259187,-0.0272929527207,0.999626382048,-0.000536727802876,0.00137948129105
2022/10/27/22:32:58.263438,327,0,0,base_link,0.501329519666,0.150147992903,0.0797248259187,-0.0272929527207,0.999626382048,-0.000536727802876,0.00137948129105
2022/10/27/22:32:58.283549,328,0,0,base_link,0.501329519666,0.150147992903,0.0797248259187,-0.0272929527207,0.999626382048,-0.000536727802876,0.00137948129105
2022/10/27/22:32:58.303450,329,0,0,base_link,0.501329519666,0.150147992903,0.0797248259187,-0.0272929527207,0.999626382048,-0.000536727802876,0.00137948129105
2022/10/27/22:32:58.323407,330,0,0,base_link,0.501329519666,0.150147992903,0.0797248259187,-0.0272929527207,0.999626382048,-0.000536727802876,0.00137948129105
2022/10/27/22:32:58.343502,331,0,0,base_link,0.501329519666,0.150147992903,0.0797248259187,-0.0272929527207,0.999626382048,-0.000536727802876,0.00137948129105
2022/10/27/22:32:58.363417,332,0,0,base_link,0.501329519666,0.150147992903,0.0797248259187,-0.0272929527207,0.999626382048,-0.000536727802876,0.00137948129105
2022/10/27/22:32:58.383478,333,0,0,base_link,0.501329519666,0.150147992903,0.0797248259187,-0.0272929527207,0.999626382048,-0.000536727802876,0.00137948129105
2022/10/27/22:32:58.407912,334,0,0,base_link,0.501329519666,0.150147992903,0.0797248259187,-0.0272929527207,0.999626382048,-0.000536727802876,0.00137948129105
2022/10/27/22:32:58.423487,335,0,0,base_link,0.501329519666,0.150147992903,0.0797248259187,-0.0272929527207,0.999626382048,-0.000536727802876,0.00137948129105
2022/10/27/22:32:58.443561,336,0,0,base_link,0.501329519666,0.150147992903,0.0797248259187,-0.0272929527207,0.999626382048,-0.000536727802876,0.00137948129105
2022/10/27/22:32:58.463495,337,0,0,base_link,0.501329519666,0.150147992903,0.0797248259187,-0.0272929527207,0.999626382048,-0.000536727802876,0.00137948129105
2022/10/27/22:32:58.488075,338,0,0,base_link,0.501329519666,0.150147992903,0.0797248259187,-0.0272929527207,0.999626382048,-0.000536727802876,0.00137948129105
2022/10/27/22:32:58.503491,339,0,0,base_link,0.501329519666,0.150147992903,0.0797248259187,-0.0272929527207,0.999626382048,-0.000536727802876,0.00137948129105
2022/10/27/22:32:58.525194,340,0,0,base_link,0.501329519666,0.150147992903,0.0797248259187,-0.0272929527207,0.999626382048,-0.000536727802876,0.00137948129105
2022/10/27/22:32:58.543595,341,0,0,base_link,0.501329519666,0.150147992903,0.0797248259187,-0.0272929527207,0.999626382048,-0.000536727802876,0.00137948129105
2022/10/27/22:32:58.563549,342,0,0,base_link,0.501329519666,0.150147992903,0.0797248259187,-0.0272929527207,0.999626382048,-0.000536727802876,0.00137948129105
2022/10/27/22:32:58.583741,343,0,0,base_link,0.501329519666,0.150147992903,0.0797248259187,-0.0272929527207,0.999626382048,-0.000536727802876,0.00137948129105
2022/10/27/22:32:58.603414,344,0,0,base_link,0.501329519666,0.150147992903,0.0797248259187,-0.0272929527207,0.999626382048,-0.000536727802876,0.00137948129105
2022/10/27/22:32:58.623419,345,0,0,base_link,0.501329519666,0.150147992903,0.0797248259187,-0.0272929527207,0.999626382048,-0.000536727802876,0.00137948129105
2022/10/27/22:32:58.643434,346,0,0,base_link,0.501329519666,0.150147992903,0.0797248259187,-0.0272929527207,0.999626382048,-0.000536727802876,0.00137948129105
2022/10/27/22:32:58.663557,347,0,0,base_link,0.501329519666,0.150147992903,0.0797248259187,-0.0272929527207,0.999626382048,-0.000536727802876,0.00137948129105
2022/10/27/22:32:58.683527,348,0,0,base_link,0.501329519666,0.150147992903,0.0797248259187,-0.0272929527207,0.999626382048,-0.000536727802876,0.00137948129105
2022/10/27/22:32:58.703521,349,0,0,base_link,0.501329519666,0.150147992903,0.0797248259187,-0.0272929527207,0.999626382048,-0.000536727802876,0.00137948129105
2022/10/27/22:32:58.723477,350,0,0,base_link,0.501329519666,0.150147992903,0.0797248259187,-0.0272929527207,0.999626382048,-0.000536727802876,0.00137948129105
2022/10/27/22:32:58.743496,351,0,0,base_link,0.501329519666,0.150147992903,0.0797248259187,-0.0272929527207,0.999626382048,-0.000536727802876,0.00137948129105
2022/10/27/22:32:58.767772,352,0,0,base_link,0.501329519666,0.150147992903,0.0797248259187,-0.0272929527207,0.999626382048,-0.000536727802876,0.00137948129105
2022/10/27/22:32:58.783475,353,0,0,base_link,0.501329519666,0.150147992903,0.0797248259187,-0.0272929527207,0.999626382048,-0.000536727802876,0.00137948129105
2022/10/27/22:32:58.803412,354,0,0,base_link,0.501329519666,0.150147992903,0.0797248259187,-0.0272929527207,0.999626382048,-0.000536727802876,0.00137948129105
2022/10/27/22:32:58.823765,355,0,0,base_link,0.501329519666,0.150147992903,0.0797248259187,-0.0272929527207,0.999626382048,-0.000536727802876,0.00137948129105
2022/10/27/22:32:58.843431,356,0,0,base_link,0.501329519666,0.150147992903,0.0797248259187,-0.0272929527207,0.999626382048,-0.000536727802876,0.00137948129105
2022/10/27/22:32:58.863523,357,0,0,base_link,0.501329519666,0.150147992903,0.0797248259187,-0.0272929527207,0.999626382048,-0.000536727802876,0.00137948129105
2022/10/27/22:32:58.883745,358,0,0,base_link,0.501329519666,0.150147992903,0.0797248259187,-0.0272929527207,0.999626382048,-0.000536727802876,0.00137948129105
2022/10/27/22:32:58.903536,359,0,0,base_link,0.501329519666,0.150147992903,0.0797248259187,-0.0272929527207,0.999626382048,-0.000536727802876,0.00137948129105
2022/10/27/22:32:58.923469,360,0,0,base_link,0.501329519666,0.150147992903,0.0797248259187,-0.0272929527207,0.999626382048,-0.000536727802876,0.00137948129105
2022/10/27/22:32:58.943798,361,0,0,base_link,0.501329519666,0.150147992903,0.0797248259187,-0.0272929527207,0.999626382048,-0.000536727802876,0.00137948129105
2022/10/27/22:32:58.963508,362,0,0,base_link,0.501329519666,0.150147992903,0.0797248259187,-0.0272929527207,0.999626382048,-0.000536727802876,0.00137948129105
2022/10/27/22:32:58.983538,363,0,0,base_link,0.501329519666,0.150147992903,0.0797248259187,-0.0272929527207,0.999626382048,-0.000536727802876,0.00137948129105
2022/10/27/22:32:59.003559,364,0,0,base_link,0.501329519666,0.150147992903,0.0797248259187,-0.0272929527207,0.999626382048,-0.000536727802876,0.00137948129105
2022/10/27/22:32:59.023556,365,0,0,base_link,0.501329519666,0.150147992903,0.0797248259187,-0.0272929527207,0.999626382048,-0.000536727802876,0.00137948129105
2022/10/27/22:32:59.043529,366,0,0,base_link,0.501329519666,0.150147992903,0.0797248259187,-0.0272929527207,0.999626382048,-0.000536727802876,0.00137948129105
2022/10/27/22:32:59.063514,367,0,0,base_link,0.501329519666,0.150147992903,0.0797248259187,-0.0272929527207,0.999626382048,-0.000536727802876,0.00137948129105
2022/10/27/22:32:59.083798,368,0,0,base_link,0.501329519666,0.150147992903,0.0797248259187,-0.0272929527207,0.999626382048,-0.000536727802876,0.00137948129105
2022/10/27/22:32:59.103943,369,0,0,base_link,0.501329519666,0.150147992903,0.0797248259187,-0.0272929527207,0.999626382048,-0.000536727802876,0.00137948129105
2022/10/27/22:32:59.123769,370,0,0,base_link,0.501329519666,0.150147992903,0.0797248259187,-0.0272929527207,0.999626382048,-0.000536727802876,0.00137948129105
2022/10/27/22:32:59.143442,371,0,0,base_link,0.501329519666,0.150147992903,0.0797248259187,-0.0272929527207,0.999626382048,-0.000536727802876,0.00137948129105
2022/10/27/22:32:59.163396,372,0,0,base_link,0.501329519666,0.150147992903,0.0797248259187,-0.0272929527207,0.999626382048,-0.000536727802876,0.00137948129105
2022/10/27/22:32:59.183680,373,0,0,base_link,0.501329519666,0.150147992903,0.0797248259187,-0.0272929527207,0.999626382048,-0.000536727802876,0.00137948129105
2022/10/27/22:32:59.206607,374,0,0,base_link,0.501329519666,0.150147992903,0.0797248259187,-0.0272929527207,0.999626382048,-0.000536727802876,0.00137948129105
2022/10/27/22:32:59.223608,375,0,0,base_link,0.501329519666,0.150147992903,0.0797248259187,-0.0272929527207,0.999626382048,-0.000536727802876,0.00137948129105
2022/10/27/22:32:59.243474,376,0,0,base_link,0.501329519666,0.150147992903,0.0797248259187,-0.0272929527207,0.999626382048,-0.000536727802876,0.00137948129105
2022/10/27/22:32:59.263690,377,0,0,base_link,0.501329519666,0.150147992903,0.0797248259187,-0.0272929527207,0.999626382048,-0.000536727802876,0.00137948129105
2022/10/27/22:32:59.283703,378,0,0,base_link,0.501329519666,0.150147992903,0.0797248259187,-0.0272929527207,0.999626382048,-0.000536727802876,0.00137948129105
2022/10/27/22:32:59.304067,379,0,0,base_link,0.501329519666,0.150147992903,0.0797248259187,-0.0272929527207,0.999626382048,-0.000536727802876,0.00137948129105
2022/10/27/22:32:59.323743,380,0,0,base_link,0.501329519666,0.150147992903,0.0797248259187,-0.0272929527207,0.999626382048,-0.000536727802876,0.00137948129105
2022/10/27/22:32:59.343419,381,0,0,base_link,0.501329519666,0.150147992903,0.0797248259187,-0.0272929527207,0.999626382048,-0.000536727802876,0.00137948129105
2022/10/27/22:32:59.363505,382,0,0,base_link,0.501329519666,0.150147992903,0.0797248259187,-0.0272929527207,0.999626382048,-0.000536727802876,0.00137948129105
2022/10/27/22:32:59.383517,383,0,0,base_link,0.501329519666,0.150147992903,0.0797248259187,-0.0272929527207,0.999626382048,-0.000536727802876,0.00137948129105
2022/10/27/22:32:59.405142,384,0,0,base_link,0.501329519666,0.150147992903,0.0797248259187,-0.0272929527207,0.999626382048,-0.000536727802876,0.00137948129105
2022/10/27/22:32:59.423427,385,0,0,base_link,0.501329519666,0.150147992903,0.0797248259187,-0.0272929527207,0.999626382048,-0.000536727802876,0.00137948129105
2022/10/27/22:32:59.443493,386,0,0,base_link,0.501329519666,0.150147992903,0.0797248259187,-0.0272929527207,0.999626382048,-0.000536727802876,0.00137948129105
2022/10/27/22:32:59.463491,387,0,0,base_link,0.501329519666,0.150147992903,0.0797248259187,-0.0272929527207,0.999626382048,-0.000536727802876,0.00137948129105
2022/10/27/22:32:59.483611,388,0,0,base_link,0.501329519666,0.150147992903,0.0797248259187,-0.0272929527207,0.999626382048,-0.000536727802876,0.00137948129105
2022/10/27/22:32:59.503442,389,0,0,base_link,0.501329519666,0.150147992903,0.0797248259187,-0.0272929527207,0.999626382048,-0.000536727802876,0.00137948129105
2022/10/27/22:32:59.523608,390,0,0,base_link,0.501329519666,0.150147992903,0.0797248259187,-0.0272929527207,0.999626382048,-0.000536727802876,0.00137948129105
2022/10/27/22:32:59.543479,391,0,0,base_link,0.501329519666,0.150147992903,0.0797248259187,-0.0272929527207,0.999626382048,-0.000536727802876,0.00137948129105
2022/10/27/22:32:59.563543,392,0,0,base_link,0.501329519666,0.150147992903,0.0797248259187,-0.0272929527207,0.999626382048,-0.000536727802876,0.00137948129105
2022/10/27/22:32:59.583931,393,0,0,base_link,0.501329519666,0.150147992903,0.0797248259187,-0.0272929527207,0.999626382048,-0.000536727802876,0.00137948129105
2022/10/27/22:32:59.603420,394,0,0,base_link,0.501329519666,0.150147992903,0.0797248259187,-0.0272929527207,0.999626382048,-0.000536727802876,0.00137948129105
2022/10/27/22:32:59.623542,395,0,0,base_link,0.501329519666,0.150147992903,0.0797248259187,-0.0272929527207,0.999626382048,-0.000536727802876,0.00137948129105
2022/10/27/22:32:59.643678,396,0,0,base_link,0.501329519666,0.150147992903,0.0797248259187,-0.0272929527207,0.999626382048,-0.000536727802876,0.00137948129105
2022/10/27/22:32:59.663491,397,0,0,base_link,0.501329519666,0.150147992903,0.0797248259187,-0.0272929527207,0.999626382048,-0.000536727802876,0.00137948129105
2022/10/27/22:32:59.683434,398,0,0,base_link,0.501329519666,0.150147992903,0.0797248259187,-0.0272929527207,0.999626382048,-0.000536727802876,0.00137948129105
2022/10/27/22:32:59.703643,399,0,0,base_link,0.501329519666,0.150147992903,0.0797248259187,-0.0272929527207,0.999626382048,-0.000536727802876,0.00137948129105
2022/10/27/22:32:59.724371,400,0,0,base_link,0.501329519666,0.150147992903,0.0797248259187,-0.0272929527207,0.999626382048,-0.000536727802876,0.00137948129105
2022/10/27/22:32:59.743631,401,0,0,base_link,0.501329519666,0.150147992903,0.0797248259187,-0.0272929527207,0.999626382048,-0.000536727802876,0.00137948129105
2022/10/27/22:32:59.763443,402,0,0,base_link,0.501329519666,0.150147992903,0.0797248259187,-0.0272929527207,0.999626382048,-0.000536727802876,0.00137948129105
2022/10/27/22:32:59.783625,403,0,0,base_link,0.501329519666,0.150147992903,0.0797248259187,-0.0272929527207,0.999626382048,-0.000536727802876,0.00137948129105
2022/10/27/22:32:59.803483,404,0,0,base_link,0.501329519666,0.150147992903,0.0797248259187,-0.0272929527207,0.999626382048,-0.000536727802876,0.00137948129105
2022/10/27/22:32:59.823767,405,0,0,base_link,0.501329519666,0.150147992903,0.0797248259187,-0.0272929527207,0.999626382048,-0.000536727802876,0.00137948129105
2022/10/27/22:32:59.844136,406,0,0,base_link,0.501329519666,0.150147992903,0.0797248259187,-0.0272929527207,0.999626382048,-0.000536727802876,0.00137948129105
2022/10/27/22:32:59.863425,407,0,0,base_link,0.501329519666,0.150147992903,0.0797248259187,-0.0272929527207,0.999626382048,-0.000536727802876,0.00137948129105
2022/10/27/22:32:59.883615,408,0,0,base_link,0.501329519666,0.150147992903,0.0797248259187,-0.0272929527207,0.999626382048,-0.000536727802876,0.00137948129105
2022/10/27/22:32:59.903670,409,0,0,base_link,0.501329519666,0.150147992903,0.0797248259187,-0.0272929527207,0.999626382048,-0.000536727802876,0.00137948129105
2022/10/27/22:32:59.923439,410,0,0,base_link,0.501329519666,0.150147992903,0.0797248259187,-0.0272929527207,0.999626382048,-0.000536727802876,0.00137948129105
2022/10/27/22:32:59.943454,411,0,0,base_link,0.501329519666,0.150147992903,0.0797248259187,-0.0272929527207,0.999626382048,-0.000536727802876,0.00137948129105
2022/10/27/22:32:59.963776,412,0,0,base_link,0.501329519666,0.150147992903,0.0797248259187,-0.0272929527207,0.999626382048,-0.000536727802876,0.00137948129105
2022/10/27/22:32:59.983620,413,0,0,base_link,0.501329519666,0.150147992903,0.0797248259187,-0.0272929527207,0.999626382048,-0.000536727802876,0.00137948129105
2022/10/27/22:33:00.003584,414,0,0,base_link,0.501329519666,0.150147992903,0.0797248259187,-0.0272929527207,0.999626382048,-0.000536727802876,0.00137948129105
2022/10/27/22:33:00.024562,415,0,0,base_link,0.501329519666,0.150147992903,0.0797248259187,-0.0272929527207,0.999626382048,-0.000536727802876,0.00137948129105
2022/10/27/22:33:00.043480,416,0,0,base_link,0.501329519666,0.150147992903,0.0797248259187,-0.0272929527207,0.999626382048,-0.000536727802876,0.00137948129105
2022/10/27/22:33:00.063540,417,0,0,base_link,0.501329519666,0.150147992903,0.0797248259187,-0.0272929527207,0.999626382048,-0.000536727802876,0.00137948129105
2022/10/27/22:33:00.083475,418,0,0,base_link,0.501329519666,0.150147992903,0.0797248259187,-0.0272929527207,0.999626382048,-0.000536727802876,0.00137948129105
2022/10/27/22:33:00.103543,419,0,0,base_link,0.501329519666,0.150147992903,0.0797248259187,-0.0272929527207,0.999626382048,-0.000536727802876,0.00137948129105
2022/10/27/22:33:00.123433,420,0,0,base_link,0.501329519666,0.150147992903,0.0797248259187,-0.0272929527207,0.999626382048,-0.000536727802876,0.00137948129105
2022/10/27/22:33:00.143655,421,0,0,base_link,0.501329519666,0.150147992903,0.0797248259187,-0.0272929527207,0.999626382048,-0.000536727802876,0.00137948129105
2022/10/27/22:33:00.163520,422,0,0,base_link,0.501329519666,0.150147992903,0.0797248259187,-0.0272929527207,0.999626382048,-0.000536727802876,0.00137948129105
2022/10/27/22:33:00.185146,423,0,0,base_link,0.501329519666,0.150147992903,0.0797248259187,-0.0272929527207,0.999626382048,-0.000536727802876,0.00137948129105
2022/10/27/22:33:00.203766,424,0,0,base_link,0.501329519666,0.150147992903,0.0797248259187,-0.0272929527207,0.999626382048,-0.000536727802876,0.00137948129105
2022/10/27/22:33:00.223468,425,0,0,base_link,0.501329519666,0.150147992903,0.0797248259187,-0.0272929527207,0.999626382048,-0.000536727802876,0.00137948129105
2022/10/27/22:33:00.243583,426,0,0,base_link,0.501329519666,0.150147992903,0.0797248259187,-0.0272929527207,0.999626382048,-0.000536727802876,0.00137948129105
2022/10/27/22:33:00.263684,427,0,0,base_link,0.501329519666,0.150147992903,0.0797248259187,-0.0272929527207,0.999626382048,-0.000536727802876,0.00137948129105
2022/10/27/22:33:00.283401,428,0,0,base_link,0.501329519666,0.150147992903,0.0797248259187,-0.0272929527207,0.999626382048,-0.000536727802876,0.00137948129105
2022/10/27/22:33:00.303813,429,0,0,base_link,0.501329519666,0.150147992903,0.0797248259187,-0.0272929527207,0.999626382048,-0.000536727802876,0.00137948129105
2022/10/27/22:33:00.323565,430,0,0,base_link,0.501329519666,0.150147992903,0.0797248259187,-0.0272929527207,0.999626382048,-0.000536727802876,0.00137948129105
2022/10/27/22:33:00.343461,431,0,0,base_link,0.501329519666,0.150147992903,0.0797248259187,-0.0272929527207,0.999626382048,-0.000536727802876,0.00137948129105
2022/10/27/22:33:00.363477,432,0,0,base_link,0.501329519666,0.150147992903,0.0797248259187,-0.0272929527207,0.999626382048,-0.000536727802876,0.00137948129105
2022/10/27/22:33:00.383465,433,0,0,base_link,0.501329519666,0.150147992903,0.0797248259187,-0.0272929527207,0.999626382048,-0.000536727802876,0.00137948129105
2022/10/27/22:33:00.403486,434,0,0,base_link,0.501329519666,0.150147992903,0.0797248259187,-0.0272929527207,0.999626382048,-0.000536727802876,0.00137948129105
2022/10/27/22:33:00.423522,435,0,0,base_link,0.501329519666,0.150147992903,0.0797248259187,-0.0272929527207,0.999626382048,-0.000536727802876,0.00137948129105
2022/10/27/22:33:00.443493,436,0,0,base_link,0.501329519666,0.150147992903,0.0797248259187,-0.0272929527207,0.999626382048,-0.000536727802876,0.00137948129105
2022/10/27/22:33:00.463511,437,0,0,base_link,0.501329519666,0.150147992903,0.0797248259187,-0.0272929527207,0.999626382048,-0.000536727802876,0.00137948129105
2022/10/27/22:33:00.483516,438,0,0,base_link,0.501329519666,0.150147992903,0.0797248259187,-0.0272929527207,0.999626382048,-0.000536727802876,0.00137948129105
2022/10/27/22:33:00.506028,439,0,0,base_link,0.501329519666,0.150147992903,0.0797248259187,-0.0272929527207,0.999626382048,-0.000536727802876,0.00137948129105
2022/10/27/22:33:00.523462,440,0,0,base_link,0.501329519666,0.150147992903,0.0797248259187,-0.0272929527207,0.999626382048,-0.000536727802876,0.00137948129105
2022/10/27/22:33:00.543478,441,0,0,base_link,0.501329519666,0.150147992903,0.0797248259187,-0.0272929527207,0.999626382048,-0.000536727802876,0.00137948129105
2022/10/27/22:33:00.563657,442,0,0,base_link,0.501329519666,0.150147992903,0.0797248259187,-0.0272929527207,0.999626382048,-0.000536727802876,0.00137948129105
2022/10/27/22:33:00.583472,443,0,0,base_link,0.501329519666,0.150147992903,0.0797248259187,-0.0272929527207,0.999626382048,-0.000536727802876,0.00137948129105
2022/10/27/22:33:00.603444,444,0,0,base_link,0.501329519666,0.150147992903,0.0797248259187,-0.0272929527207,0.999626382048,-0.000536727802876,0.00137948129105
2022/10/27/22:33:00.623612,445,0,0,base_link,0.501329519666,0.150147992903,0.0797248259187,-0.0272929527207,0.999626382048,-0.000536727802876,0.00137948129105
2022/10/27/22:33:00.643631,446,0,0,base_link,0.501329519666,0.150147992903,0.0797248259187,-0.0272929527207,0.999626382048,-0.000536727802876,0.00137948129105
2022/10/27/22:33:00.663492,447,0,0,base_link,0.501329519666,0.150147992903,0.0797248259187,-0.0272929527207,0.999626382048,-0.000536727802876,0.00137948129105
2022/10/27/22:33:00.683517,448,0,0,base_link,0.501329519666,0.150147992903,0.109724827111,-0.0272929527207,0.999626382048,-0.000536727802876,0.00137948129105
2022/10/27/22:33:00.705319,449,0,0,base_link,0.501329519666,0.150147992903,0.109724827111,-0.0272929527207,0.999626382048,-0.000536727802876,0.00137948129105
2022/10/27/22:33:00.723495,450,0,0,base_link,0.501329519666,0.150147992903,0.109724827111,-0.0272929527207,0.999626382048,-0.000536727802876,0.00137948129105
2022/10/27/22:33:00.744244,451,0,0,base_link,0.501329519666,0.150147992903,0.109724827111,-0.0272929527207,0.999626382048,-0.000536727802876,0.00137948129105
2022/10/27/22:33:00.763480,452,0,0,base_link,0.501329519666,0.150147992903,0.109724827111,-0.0272929527207,0.999626382048,-0.000536727802876,0.00137948129105
2022/10/27/22:33:00.785191,453,0,0,base_link,0.501329519666,0.150147992903,0.109724827111,-0.0272929527207,0.999626382048,-0.000536727802876,0.00137948129105
2022/10/27/22:33:00.803423,454,0,0,base_link,0.501329519666,0.150147992903,0.109724827111,-0.0272929527207,0.999626382048,-0.000536727802876,0.00137948129105
2022/10/27/22:33:00.823450,455,0,0,base_link,0.501329519666,0.150147992903,0.109724827111,-0.0272929527207,0.999626382048,-0.000536727802876,0.00137948129105
2022/10/27/22:33:00.843434,456,0,0,base_link,0.501329519666,0.150147992903,0.109724827111,-0.0272929527207,0.999626382048,-0.000536727802876,0.00137948129105
2022/10/27/22:33:00.863533,457,0,0,base_link,0.501329519666,0.150147992903,0.109724827111,-0.0272929527207,0.999626382048,-0.000536727802876,0.00137948129105
2022/10/27/22:33:00.883421,458,0,0,base_link,0.501329519666,0.150147992903,0.109724827111,-0.0272929527207,0.999626382048,-0.000536727802876,0.00137948129105
2022/10/27/22:33:00.903431,459,0,0,base_link,0.501329519666,0.150147992903,0.109724827111,-0.0272929527207,0.999626382048,-0.000536727802876,0.00137948129105
2022/10/27/22:33:00.924080,460,0,0,base_link,0.501329519666,0.150147992903,0.109724827111,-0.0272929527207,0.999626382048,-0.000536727802876,0.00137948129105
2022/10/27/22:33:00.943484,461,0,0,base_link,0.501329519666,0.150147992903,0.109724827111,-0.0272929527207,0.999626382048,-0.000536727802876,0.00137948129105
2022/10/27/22:33:00.963473,462,0,0,base_link,0.501329519666,0.150147992903,0.109724827111,-0.0272929527207,0.999626382048,-0.000536727802876,0.00137948129105
2022/10/27/22:33:00.983490,463,0,0,base_link,0.501329519666,0.150147992903,0.109724827111,-0.0272929527207,0.999626382048,-0.000536727802876,0.00137948129105
2022/10/27/22:33:01.003410,464,0,0,base_link,0.501329519666,0.150147992903,0.109724827111,-0.0272929527207,0.999626382048,-0.000536727802876,0.00137948129105
2022/10/27/22:33:01.023458,465,0,0,base_link,0.501329519666,0.150147992903,0.109724827111,-0.0272929527207,0.999626382048,-0.000536727802876,0.00137948129105
2022/10/27/22:33:01.043824,466,0,0,base_link,0.501329519666,0.150147992903,0.109724827111,-0.0272929527207,0.999626382048,-0.000536727802876,0.00137948129105
2022/10/27/22:33:01.063560,467,0,0,base_link,0.501329519666,0.150147992903,0.109724827111,-0.0272929527207,0.999626382048,-0.000536727802876,0.00137948129105
2022/10/27/22:33:01.083514,468,0,0,base_link,0.501329519666,0.150147992903,0.109724827111,-0.0272929527207,0.999626382048,-0.000536727802876,0.00137948129105
2022/10/27/22:33:01.103492,469,0,0,base_link,0.501329519666,0.150147992903,0.109724827111,-0.0272929527207,0.999626382048,-0.000536727802876,0.00137948129105
2022/10/27/22:33:01.123912,470,0,0,base_link,0.501329519666,0.150147992903,0.109724827111,-0.0272929527207,0.999626382048,-0.000536727802876,0.00137948129105
2022/10/27/22:33:01.143437,471,0,0,base_link,0.501329519666,0.150147992903,0.109724827111,-0.0272929527207,0.999626382048,-0.000536727802876,0.00137948129105
2022/10/27/22:33:01.163698,472,0,0,base_link,0.501329519666,0.150147992903,0.109724827111,-0.0272929527207,0.999626382048,-0.000536727802876,0.00137948129105
2022/10/27/22:33:01.183546,473,0,0,base_link,0.501329519666,0.150147992903,0.109724827111,-0.0272929527207,0.999626382048,-0.000536727802876,0.00137948129105
2022/10/27/22:33:01.203359,474,0,0,base_link,0.501329519666,0.150147992903,0.109724827111,-0.0272929527207,0.999626382048,-0.000536727802876,0.00137948129105
2022/10/27/22:33:01.223453,475,0,0,base_link,0.501329519666,0.150147992903,0.109724827111,-0.0272929527207,0.999626382048,-0.000536727802876,0.00137948129105
2022/10/27/22:33:01.244064,476,0,0,base_link,0.501329519666,0.150147992903,0.109724827111,-0.0272929527207,0.999626382048,-0.000536727802876,0.00137948129105
2022/10/27/22:33:01.263412,477,0,0,base_link,0.501329519666,0.150147992903,0.109724827111,-0.0272929527207,0.999626382048,-0.000536727802876,0.00137948129105
2022/10/27/22:33:01.285711,478,0,0,base_link,0.501329519666,0.150147992903,0.109724827111,-0.0272929527207,0.999626382048,-0.000536727802876,0.00137948129105
2022/10/27/22:33:01.303440,479,0,0,base_link,0.501329519666,0.150147992903,0.109724827111,-0.0272929527207,0.999626382048,-0.000536727802876,0.00137948129105
2022/10/27/22:33:01.323656,480,0,0,base_link,0.501329519666,0.150147992903,0.109724827111,-0.0272929527207,0.999626382048,-0.000536727802876,0.00137948129105
2022/10/27/22:33:01.343411,481,0,0,base_link,0.501329519666,0.150147992903,0.109724827111,-0.0272929527207,0.999626382048,-0.000536727802876,0.00137948129105
2022/10/27/22:33:01.364034,482,0,0,base_link,0.501329519666,0.150147992903,0.109724827111,-0.0272929527207,0.999626382048,-0.000536727802876,0.00137948129105
2022/10/27/22:33:01.383412,483,0,0,base_link,0.501329519666,0.150147992903,0.109724827111,-0.0272929527207,0.999626382048,-0.000536727802876,0.00137948129105
2022/10/27/22:33:01.403445,484,0,0,base_link,0.501329519666,0.150147992903,0.109724827111,-0.0272929527207,0.999626382048,-0.000536727802876,0.00137948129105
2022/10/27/22:33:01.423462,485,0,0,base_link,0.501329519666,0.150147992903,0.109724827111,-0.0272929527207,0.999626382048,-0.000536727802876,0.00137948129105
2022/10/27/22:33:01.443342,486,0,0,base_link,0.501329519666,0.150147992903,0.109724827111,-0.0272929527207,0.999626382048,-0.000536727802876,0.00137948129105
2022/10/27/22:33:01.463656,487,0,0,base_link,0.501329519666,0.150147992903,0.109724827111,-0.0272929527207,0.999626382048,-0.000536727802876,0.00137948129105
2022/10/27/22:33:01.483364,488,0,0,base_link,0.501329519666,0.150147992903,0.109724827111,-0.0272929527207,0.999626382048,-0.000536727802876,0.00137948129105
2022/10/27/22:33:01.503440,489,0,0,base_link,0.501329519666,0.150147992903,0.109724827111,-0.0272929527207,0.999626382048,-0.000536727802876,0.00137948129105
2022/10/27/22:33:01.523680,490,0,0,base_link,0.501329519666,0.150147992903,0.109724827111,-0.0272929527207,0.999626382048,-0.000536727802876,0.00137948129105
2022/10/27/22:33:01.543404,491,0,0,base_link,0.501329519666,0.150147992903,0.109724827111,-0.0272929527207,0.999626382048,-0.000536727802876,0.00137948129105
2022/10/27/22:33:01.564040,492,0,0,base_link,0.501329519666,0.150147992903,0.109724827111,-0.0272929527207,0.999626382048,-0.000536727802876,0.00137948129105
2022/10/27/22:33:01.583459,493,0,0,base_link,0.501329519666,0.150147992903,0.109724827111,-0.0272929527207,0.999626382048,-0.000536727802876,0.00137948129105
2022/10/27/22:33:01.603386,494,0,0,base_link,0.501329519666,0.150147992903,0.109724827111,-0.0272929527207,0.999626382048,-0.000536727802876,0.00137948129105
2022/10/27/22:33:01.623518,495,0,0,base_link,0.501329519666,0.150147992903,0.109724827111,-0.0272929527207,0.999626382048,-0.000536727802876,0.00137948129105
2022/10/27/22:33:01.643353,496,0,0,base_link,0.501329519666,0.150147992903,0.109724827111,-0.0272929527207,0.999626382048,-0.000536727802876,0.00137948129105
2022/10/27/22:33:01.663704,497,0,0,base_link,0.501329519666,0.150147992903,0.109724827111,-0.0272929527207,0.999626382048,-0.000536727802876,0.00137948129105
2022/10/27/22:33:01.683475,498,0,0,base_link,0.501329519666,0.150147992903,0.109724827111,-0.0272929527207,0.999626382048,-0.000536727802876,0.00137948129105
2022/10/27/22:33:01.703559,499,0,0,base_link,0.501329519666,0.150147992903,0.109724827111,-0.0272929527207,0.999626382048,-0.000536727802876,0.00137948129105
2022/10/27/22:33:01.723504,500,0,0,base_link,0.501329519666,0.150147992903,0.109724827111,-0.0272929527207,0.999626382048,-0.000536727802876,0.00137948129105
2022/10/27/22:33:01.743466,501,0,0,base_link,0.501329519666,0.150147992903,0.109724827111,-0.0272929527207,0.999626382048,-0.000536727802876,0.00137948129105
2022/10/27/22:33:01.763407,502,0,0,base_link,0.501329519666,0.150147992903,0.109724827111,-0.0272929527207,0.999626382048,-0.000536727802876,0.00137948129105
2022/10/27/22:33:01.783866,503,0,0,base_link,0.501329519666,0.150147992903,0.109724827111,-0.0272929527207,0.999626382048,-0.000536727802876,0.00137948129105
2022/10/27/22:33:01.803488,504,0,0,base_link,0.501329519666,0.150147992903,0.109724827111,-0.0272929527207,0.999626382048,-0.000536727802876,0.00137948129105
2022/10/27/22:33:01.823448,505,0,0,base_link,0.501329519666,0.150147992903,0.109724827111,-0.0272929527207,0.999626382048,-0.000536727802876,0.00137948129105
2022/10/27/22:33:01.843517,506,0,0,base_link,0.501329519666,0.150147992903,0.109724827111,-0.0272929527207,0.999626382048,-0.000536727802876,0.00137948129105
2022/10/27/22:33:01.863366,507,0,0,base_link,0.501329519666,0.150147992903,0.109724827111,-0.0272929527207,0.999626382048,-0.000536727802876,0.00137948129105
2022/10/27/22:33:01.884534,508,0,0,base_link,0.501329519666,0.150147992903,0.109724827111,-0.0272929527207,0.999626382048,-0.000536727802876,0.00137948129105
2022/10/27/22:33:01.903423,509,0,0,base_link,0.501329519666,0.150147992903,0.109724827111,-0.0272929527207,0.999626382048,-0.000536727802876,0.00137948129105
2022/10/27/22:33:01.923403,510,0,0,base_link,0.501329519666,0.150147992903,0.109724827111,-0.0272929527207,0.999626382048,-0.000536727802876,0.00137948129105
2022/10/27/22:33:01.943413,511,0,0,base_link,0.501329519666,0.150147992903,0.109724827111,-0.0272929527207,0.999626382048,-0.000536727802876,0.00137948129105
2022/10/27/22:33:01.963450,512,0,0,base_link,0.501329519666,0.150147992903,0.109724827111,-0.0272929527207,0.999626382048,-0.000536727802876,0.00137948129105
2022/10/27/22:33:01.983523,513,0,0,base_link,0.501329519666,0.150147992903,0.109724827111,-0.0272929527207,0.999626382048,-0.000536727802876,0.00137948129105
2022/10/27/22:33:02.003458,514,0,0,base_link,0.501329519666,0.150147992903,0.109724827111,-0.0272929527207,0.999626382048,-0.000536727802876,0.00137948129105
2022/10/27/22:33:02.023457,515,0,0,base_link,0.501329519666,0.150147992903,0.109724827111,-0.0272929527207,0.999626382048,-0.000536727802876,0.00137948129105
2022/10/27/22:33:02.043383,516,0,0,base_link,0.501329519666,0.150147992903,0.109724827111,-0.0272929527207,0.999626382048,-0.000536727802876,0.00137948129105
2022/10/27/22:33:02.063512,517,0,0,base_link,0.501329519666,0.150147992903,0.109724827111,-0.0272929527207,0.999626382048,-0.000536727802876,0.00137948129105
2022/10/27/22:33:02.083337,518,0,0,base_link,0.501329519666,0.150147992903,0.109724827111,-0.0272929527207,0.999626382048,-0.000536727802876,0.00137948129105
2022/10/27/22:33:02.103632,519,0,0,base_link,0.501329519666,0.150147992903,0.109724827111,-0.0272929527207,0.999626382048,-0.000536727802876,0.00137948129105
2022/10/27/22:33:02.123477,520,0,0,base_link,0.501329519666,0.150147992903,0.109724827111,-0.0272929527207,0.999626382048,-0.000536727802876,0.00137948129105
2022/10/27/22:33:02.147640,521,0,0,base_link,0.501329519666,0.150147992903,0.109724827111,-0.0272929527207,0.999626382048,-0.000536727802876,0.00137948129105
2022/10/27/22:33:02.163468,522,0,0,base_link,0.501329519666,0.150147992903,0.109724827111,-0.0272929527207,0.999626382048,-0.000536727802876,0.00137948129105
2022/10/27/22:33:02.183518,523,0,0,base_link,0.501329519666,0.150147992903,0.109724827111,-0.0272929527207,0.999626382048,-0.000536727802876,0.00137948129105
2022/10/27/22:33:02.203430,524,0,0,base_link,0.501329519666,0.150147992903,0.109724827111,-0.0272929527207,0.999626382048,-0.000536727802876,0.00137948129105
2022/10/27/22:33:02.224524,525,0,0,base_link,0.501329519666,0.150147992903,0.109724827111,-0.0272929527207,0.999626382048,-0.000536727802876,0.00137948129105
2022/10/27/22:33:02.245151,526,0,0,base_link,0.501329519666,0.150147992903,0.109724827111,-0.0272929527207,0.999626382048,-0.000536727802876,0.00137948129105
2022/10/27/22:33:02.263440,527,0,0,base_link,0.501329519666,0.150147992903,0.109724827111,-0.0272929527207,0.999626382048,-0.000536727802876,0.00137948129105
2022/10/27/22:33:02.283666,528,0,0,base_link,0.501329519666,0.150147992903,0.109724827111,-0.0272929527207,0.999626382048,-0.000536727802876,0.00137948129105
2022/10/27/22:33:02.303425,529,0,0,base_link,0.501329519666,0.150147992903,0.109724827111,-0.0272929527207,0.999626382048,-0.000536727802876,0.00137948129105
2022/10/27/22:33:02.323642,530,0,0,base_link,0.501329519666,0.150147992903,0.109724827111,-0.0272929527207,0.999626382048,-0.000536727802876,0.00137948129105
2022/10/27/22:33:02.344199,531,0,0,base_link,0.501329519666,0.150147992903,0.109724827111,-0.0272929527207,0.999626382048,-0.000536727802876,0.00137948129105
2022/10/27/22:33:02.363500,532,0,0,base_link,0.501329519666,0.150147992903,0.109724827111,-0.0272929527207,0.999626382048,-0.000536727802876,0.00137948129105
2022/10/27/22:33:02.383349,533,0,0,base_link,0.501329519666,0.150147992903,0.109724827111,-0.0272929527207,0.999626382048,-0.000536727802876,0.00137948129105
2022/10/27/22:33:02.403483,534,0,0,base_link,0.501329519666,0.150147992903,0.109724827111,-0.0272929527207,0.999626382048,-0.000536727802876,0.00137948129105
2022/10/27/22:33:02.423416,535,0,0,base_link,0.501329519666,0.150147992903,0.109724827111,-0.0272929527207,0.999626382048,-0.000536727802876,0.00137948129105
2022/10/27/22:33:02.443557,536,0,0,base_link,0.501329519666,0.150147992903,0.109724827111,-0.0272929527207,0.999626382048,-0.000536727802876,0.00137948129105
2022/10/27/22:33:02.463734,537,0,0,base_link,0.501329519666,0.150147992903,0.109724827111,-0.0272929527207,0.999626382048,-0.000536727802876,0.00137948129105
2022/10/27/22:33:02.483457,538,0,0,base_link,0.501329519666,0.150147992903,0.109724827111,-0.0272929527207,0.999626382048,-0.000536727802876,0.00137948129105
2022/10/27/22:33:02.503617,539,0,0,base_link,0.501329519666,0.150147992903,0.109724827111,-0.0272929527207,0.999626382048,-0.000536727802876,0.00137948129105
2022/10/27/22:33:02.524390,540,0,0,base_link,0.501329519666,0.150147992903,0.109724827111,-0.0272929527207,0.999626382048,-0.000536727802876,0.00137948129105
2022/10/27/22:33:02.543356,541,0,0,base_link,0.501329519666,0.150147992903,0.109724827111,-0.0272929527207,0.999626382048,-0.000536727802876,0.00137948129105
2022/10/27/22:33:02.566751,542,0,0,base_link,0.501329519666,0.150147992903,0.109724827111,-0.0272929527207,0.999626382048,-0.000536727802876,0.00137948129105
2022/10/27/22:33:02.583774,543,0,0,base_link,0.501329519666,0.150147992903,0.109724827111,-0.0272929527207,0.999626382048,-0.000536727802876,0.00137948129105
2022/10/27/22:33:02.604282,544,0,0,base_link,0.501329519666,0.150147992903,0.109724827111,-0.0272929527207,0.999626382048,-0.000536727802876,0.00137948129105
2022/10/27/22:33:02.623434,545,0,0,base_link,0.501329519666,0.150147992903,0.109724827111,-0.0272929527207,0.999626382048,-0.000536727802876,0.00137948129105
2022/10/27/22:33:02.647624,546,0,0,base_link,0.501329519666,0.150147992903,0.109724827111,-0.0272929527207,0.999626382048,-0.000536727802876,0.00137948129105
2022/10/27/22:33:02.663555,547,0,0,base_link,0.501329519666,0.150147992903,0.109724827111,-0.0272929527207,0.999626382048,-0.000536727802876,0.00137948129105
2022/10/27/22:33:02.683427,548,0,0,base_link,0.501329519666,0.150147992903,0.109724827111,-0.0272929527207,0.999626382048,-0.000536727802876,0.00137948129105
2022/10/27/22:33:02.703600,549,0,0,base_link,0.501329519666,0.150147992903,0.109724827111,-0.0272929527207,0.999626382048,-0.000536727802876,0.00137948129105
2022/10/27/22:33:02.723385,550,0,0,base_link,0.501329519666,0.150147992903,0.109724827111,-0.0272929527207,0.999626382048,-0.000536727802876,0.00137948129105
2022/10/27/22:33:02.744442,551,0,0,base_link,0.501329519666,0.150147992903,0.109724827111,-0.0272929527207,0.999626382048,-0.000536727802876,0.00137948129105
2022/10/27/22:33:02.763445,552,0,0,base_link,0.501329519666,0.150147992903,0.109724827111,-0.0272929527207,0.999626382048,-0.000536727802876,0.00137948129105
2022/10/27/22:33:02.783558,553,0,0,base_link,0.501329519666,0.150147992903,0.109724827111,-0.0272929527207,0.999626382048,-0.000536727802876,0.00137948129105
2022/10/27/22:33:02.803515,554,0,0,base_link,0.501329519666,0.150147992903,0.109724827111,-0.0272929527207,0.999626382048,-0.000536727802876,0.00137948129105
2022/10/27/22:33:02.823446,555,0,0,base_link,0.501329519666,0.150147992903,0.109724827111,-0.0272929527207,0.999626382048,-0.000536727802876,0.00137948129105
2022/10/27/22:33:02.843597,556,0,0,base_link,0.501329519666,0.150147992903,0.109724827111,-0.0272929527207,0.999626382048,-0.000536727802876,0.00137948129105
2022/10/27/22:33:02.865163,557,0,0,base_link,0.501329519666,0.150147992903,0.109724827111,-0.0272929527207,0.999626382048,-0.000536727802876,0.00137948129105
2022/10/27/22:33:02.883490,558,0,0,base_link,0.501329519666,0.150147992903,0.109724827111,-0.0272929527207,0.999626382048,-0.000536727802876,0.00137948129105
2022/10/27/22:33:02.903380,559,0,0,base_link,0.501329519666,0.150147992903,0.109724827111,-0.0272929527207,0.999626382048,-0.000536727802876,0.00137948129105
2022/10/27/22:33:02.924392,560,0,0,base_link,0.501329519666,0.150147992903,0.109724827111,-0.0272929527207,0.999626382048,-0.000536727802876,0.00137948129105
2022/10/27/22:33:02.943376,561,0,0,base_link,0.501329519666,0.150147992903,0.109724827111,-0.0272929527207,0.999626382048,-0.000536727802876,0.00137948129105
2022/10/27/22:33:02.963440,562,0,0,base_link,0.501329519666,0.150147992903,0.109724827111,-0.0272929527207,0.999626382048,-0.000536727802876,0.00137948129105
2022/10/27/22:33:02.983699,563,0,0,base_link,0.501329519666,0.150147992903,0.109724827111,-0.0272929527207,0.999626382048,-0.000536727802876,0.00137948129105
2022/10/27/22:33:03.003426,564,0,0,base_link,0.501329519666,0.150147992903,0.109724827111,-0.0272929527207,0.999626382048,-0.000536727802876,0.00137948129105
2022/10/27/22:33:03.023604,565,0,0,base_link,0.501329519666,0.150147992903,0.109724827111,-0.0272929527207,0.999626382048,-0.000536727802876,0.00137948129105
2022/10/27/22:33:03.043446,566,0,0,base_link,0.501329519666,0.150147992903,0.109724827111,-0.0272929527207,0.999626382048,-0.000536727802876,0.00137948129105
2022/10/27/22:33:03.064504,567,0,0,base_link,0.501329519666,0.150147992903,0.109724827111,-0.0272929527207,0.999626382048,-0.000536727802876,0.00137948129105
2022/10/27/22:33:03.083365,568,0,0,base_link,0.501329519666,0.150147992903,0.109724827111,-0.0272929527207,0.999626382048,-0.000536727802876,0.00137948129105
2022/10/27/22:33:03.103462,569,0,0,base_link,0.501329519666,0.150147992903,0.109724827111,-0.0272929527207,0.999626382048,-0.000536727802876,0.00137948129105
2022/10/27/22:33:03.123599,570,0,0,base_link,0.501329519666,0.150147992903,0.109724827111,-0.0272929527207,0.999626382048,-0.000536727802876,0.00137948129105
2022/10/27/22:33:03.143428,571,0,0,base_link,0.501329519666,0.150147992903,0.109724827111,-0.0272929527207,0.999626382048,-0.000536727802876,0.00137948129105
2022/10/27/22:33:03.165308,572,0,0,base_link,0.501329519666,0.150147992903,0.109724827111,-0.0272929527207,0.999626382048,-0.000536727802876,0.00137948129105
2022/10/27/22:33:03.183398,573,0,0,base_link,0.501329519666,0.150147992903,0.109724827111,-0.0272929527207,0.999626382048,-0.000536727802876,0.00137948129105
2022/10/27/22:33:03.203489,574,0,0,base_link,0.501329519666,0.150147992903,0.109724827111,-0.0272929527207,0.999626382048,-0.000536727802876,0.00137948129105
2022/10/27/22:33:03.223418,575,0,0,base_link,0.501329519666,0.150147992903,0.109724827111,-0.0272929527207,0.999626382048,-0.000536727802876,0.00137948129105
2022/10/27/22:33:03.243435,576,0,0,base_link,0.501329519666,0.150147992903,0.109724827111,-0.0272929527207,0.999626382048,-0.000536727802876,0.00137948129105
2022/10/27/22:33:03.263385,577,0,0,base_link,0.501329519666,0.150147992903,0.109724827111,-0.0272929527207,0.999626382048,-0.000536727802876,0.00137948129105
2022/10/27/22:33:03.283442,578,0,0,base_link,0.501329519666,0.150147992903,0.109724827111,-0.0272929527207,0.999626382048,-0.000536727802876,0.00137948129105
2022/10/27/22:33:03.304496,579,0,0,base_link,0.501329519666,0.150147992903,0.109724827111,-0.0272929527207,0.999626382048,-0.000536727802876,0.00137948129105
2022/10/27/22:33:03.323440,580,0,0,base_link,0.501329519666,0.150147992903,0.109724827111,-0.0272929527207,0.999626382048,-0.000536727802876,0.00137948129105
2022/10/27/22:33:03.343627,581,0,0,base_link,0.501329519666,0.150147992903,0.109724827111,-0.0272929527207,0.999626382048,-0.000536727802876,0.00137948129105
2022/10/27/22:33:03.363646,582,0,0,base_link,0.501329519666,0.150147992903,0.109724827111,-0.0272929527207,0.999626382048,-0.000536727802876,0.00137948129105
2022/10/27/22:33:03.383456,583,0,0,base_link,0.501329519666,0.150147992903,0.109724827111,-0.0272929527207,0.999626382048,-0.000536727802876,0.00137948129105
2022/10/27/22:33:03.403577,584,0,0,base_link,0.501329519666,0.150147992903,0.109724827111,-0.0272929527207,0.999626382048,-0.000536727802876,0.00137948129105
2022/10/27/22:33:03.423427,585,0,0,base_link,0.501329519666,0.150147992903,0.109724827111,-0.0272929527207,0.999626382048,-0.000536727802876,0.00137948129105
2022/10/27/22:33:03.443437,586,0,0,base_link,0.501329519666,0.150147992903,0.109724827111,-0.0272929527207,0.999626382048,-0.000536727802876,0.00137948129105
2022/10/27/22:33:03.463430,587,0,0,base_link,0.501329519666,0.150147992903,0.109724827111,-0.0272929527207,0.999626382048,-0.000536727802876,0.00137948129105
2022/10/27/22:33:03.483384,588,0,0,base_link,0.501329519666,0.150147992903,0.109724827111,-0.0272929527207,0.999626382048,-0.000536727802876,0.00137948129105
2022/10/27/22:33:03.503908,589,0,0,base_link,0.501329519666,0.150147992903,0.109724827111,-0.0272929527207,0.999626382048,-0.000536727802876,0.00137948129105
2022/10/27/22:33:03.523456,590,0,0,base_link,0.501329519666,0.150147992903,0.109724827111,-0.0272929527207,0.999626382048,-0.000536727802876,0.00137948129105
2022/10/27/22:33:03.544065,591,0,0,base_link,0.501329519666,0.150147992903,0.109724827111,-0.0272929527207,0.999626382048,-0.000536727802876,0.00137948129105
2022/10/27/22:33:03.567717,592,0,0,base_link,0.501329519666,0.150147992903,0.109724827111,-0.0272929527207,0.999626382048,-0.000536727802876,0.00137948129105
