time,.header.seq,.header.stamp.secs,.header.stamp.nsecs,.header.frame_id,.wrench.force.x,.wrench.force.y,.wrench.force.z,.wrench.torque.x,.wrench.torque.y,.wrench.torque.z
2022/10/20/21:07:03.052923,0,1666325223,52522771,base_link,0.0,0.0,0.0,0.0,0.0,0.0
2022/10/20/21:07:03.072896,1,1666325223,72426437,base_link,0.0,0.0,0.0,0.0,0.0,0.0
2022/10/20/21:07:03.092664,2,1666325223,92413633,base_link,0.0,0.0,0.0,0.0,0.0,0.0
2022/10/20/21:07:03.112886,3,1666325223,112432333,base_link,0.0,0.0,0.0,0.0,0.0,0.0
2022/10/20/21:07:03.132678,4,1666325223,132413827,base_link,0.0,0.0,0.0,0.0,0.0,0.0
2022/10/20/21:07:03.152777,5,1666325223,152447778,base_link,0.0,0.0,0.0,0.0,0.0,0.0
2022/10/20/21:07:03.172761,6,1666325223,172418074,base_link,0.0,0.0,0.0,0.0,0.0,0.0
2022/10/20/21:07:03.192603,7,1666325223,192410316,base_link,0.0,0.0,0.0,0.0,0.0,0.0
2022/10/20/21:07:03.213519,8,1666325223,213169690,base_link,0.0,0.0,0.0,0.0,0.0,0.0
2022/10/20/21:07:03.232890,9,1666325223,232432942,base_link,0.0,0.0,0.0,0.0,0.0,0.0
2022/10/20/21:07:03.252822,10,1666325223,252446426,base_link,0.0,0.0,0.0,0.0,0.0,0.0
2022/10/20/21:07:03.272620,11,1666325223,272417318,base_link,0.0,0.0,0.0,0.0,0.0,0.0
2022/10/20/21:07:03.292693,12,1666325223,292424134,base_link,0.0,0.0,0.0,0.0,0.0,0.0
2022/10/20/21:07:03.312868,13,1666325223,312425945,base_link,0.0,0.0,0.0,0.0,0.0,0.0
2022/10/20/21:07:03.333685,14,1666325223,333336334,base_link,0.0,0.0,0.0,0.0,0.0,0.0
2022/10/20/21:07:03.353941,15,1666325223,352416771,base_link,0.0,0.0,0.0,0.0,0.0,0.0
2022/10/20/21:07:03.372639,16,1666325223,372414239,base_link,0.0,0.0,0.0,0.0,0.0,0.0
2022/10/20/21:07:03.393233,17,1666325223,392859000,base_link,0.0,0.0,0.0,0.0,0.0,0.0
2022/10/20/21:07:03.412667,18,1666325223,412418627,base_link,0.0,0.0,0.0,0.0,0.0,0.0
2022/10/20/21:07:03.432696,19,1666325223,432412780,base_link,0.0,0.0,0.0,0.0,0.0,0.0
2022/10/20/21:07:03.452769,20,1666325223,452464023,base_link,0.0,0.0,0.0,0.0,0.0,0.0
2022/10/20/21:07:03.472676,21,1666325223,472412070,base_link,0.0,0.0,0.0,0.0,0.0,0.0
2022/10/20/21:07:03.492706,22,1666325223,492420111,base_link,0.0,0.0,0.0,0.0,0.0,0.0
2022/10/20/21:07:03.512810,23,1666325223,512446523,base_link,0.0,0.0,0.0,0.0,0.0,0.0
2022/10/20/21:07:03.533307,24,1666325223,532426957,base_link,0.0,0.0,0.0,0.0,0.0,0.0
2022/10/20/21:07:03.552669,25,1666325223,552402530,base_link,0.0,0.0,0.0,0.0,0.0,0.0
2022/10/20/21:07:03.572829,26,1666325223,572442436,base_link,0.0,0.0,0.0,0.0,0.0,0.0
2022/10/20/21:07:03.593558,27,1666325223,593273731,base_link,0.0,0.0,0.0,0.0,0.0,0.0
2022/10/20/21:07:03.612634,28,1666325223,612416097,base_link,0.0,0.0,0.0,0.0,0.0,0.0
2022/10/20/21:07:03.632642,29,1666325223,632414850,base_link,0.0,0.0,0.0,0.0,0.0,0.0
2022/10/20/21:07:03.654364,30,1666325223,654078089,base_link,0.0,0.0,0.0,0.0,0.0,0.0
2022/10/20/21:07:03.672563,31,1666325223,672407378,base_link,0.0,0.0,0.0,0.0,0.0,0.0
2022/10/20/21:07:03.692799,32,1666325223,692432890,base_link,0.0,0.0,0.0,0.0,0.0,0.0
2022/10/20/21:07:03.712693,33,1666325223,712413265,base_link,0.0,0.0,0.0,0.0,0.0,0.0
2022/10/20/21:07:03.732618,34,1666325223,732411210,base_link,0.0,0.0,0.0,0.0,0.0,0.0
2022/10/20/21:07:03.754395,35,1666325223,753959535,base_link,0.0,0.0,0.0,0.0,0.0,0.0
2022/10/20/21:07:03.772575,36,1666325223,772411754,base_link,0.0,0.0,0.0,0.0,0.0,0.0
2022/10/20/21:07:03.792775,37,1666325223,792435208,base_link,0.0,0.0,0.0,0.0,0.0,0.0
2022/10/20/21:07:03.812700,38,1666325223,812422562,base_link,0.0,0.0,0.0,0.0,0.0,0.0
2022/10/20/21:07:03.832598,39,1666325223,832413318,base_link,0.0,0.0,0.0,0.0,0.0,0.0
2022/10/20/21:07:03.852648,40,1666325223,852415109,base_link,0.0,0.0,0.0,0.0,0.0,0.0
2022/10/20/21:07:03.872675,41,1666325223,872426010,base_link,0.0,0.0,0.0,0.0,0.0,0.0
2022/10/20/21:07:03.893578,42,1666325223,892445657,base_link,0.0,0.0,0.0,0.0,0.0,0.0
2022/10/20/21:07:03.912854,43,1666325223,912427151,base_link,0.0,0.0,0.0,0.0,0.0,0.0
2022/10/20/21:07:03.932595,44,1666325223,932413591,base_link,0.0,0.0,0.0,0.0,0.0,0.0
2022/10/20/21:07:03.952790,45,1666325223,952487411,base_link,0.0,0.0,0.0,0.0,0.0,0.0
2022/10/20/21:07:03.973252,46,1666325223,972993453,base_link,0.0,0.0,0.0,0.0,0.0,0.0
2022/10/20/21:07:03.992687,47,1666325223,992421595,base_link,0.0,0.0,0.0,0.0,0.0,0.0
2022/10/20/21:07:04.012613,48,1666325224,12418092,base_link,0.0,0.0,0.0,0.0,0.0,0.0
2022/10/20/21:07:04.032664,49,1666325224,32416426,base_link,0.0,0.0,0.0,0.0,0.0,0.0
2022/10/20/21:07:04.052763,50,1666325224,52418235,base_link,0.0,0.0,0.0,0.0,0.0,0.0
2022/10/20/21:07:04.072696,51,1666325224,72419879,base_link,0.0,0.0,0.0,0.0,0.0,0.0
2022/10/20/21:07:04.095970,52,1666325224,95737337,base_link,0.0,0.0,0.0,0.0,0.0,0.0
2022/10/20/21:07:04.112612,53,1666325224,112408443,base_link,0.0,0.0,0.0,0.0,0.0,0.0
2022/10/20/21:07:04.132653,54,1666325224,132413981,base_link,0.0,0.0,0.0,0.0,0.0,0.0
2022/10/20/21:07:04.152641,55,1666325224,152415444,base_link,0.0,0.0,0.0,0.0,0.0,0.0
2022/10/20/21:07:04.172785,56,1666325224,172420441,base_link,0.0,0.0,0.0,0.0,0.0,0.0
2022/10/20/21:07:04.192757,57,1666325224,192416499,base_link,0.0,0.0,0.0,0.0,0.0,0.0
2022/10/20/21:07:04.213779,58,1666325224,213485196,base_link,0.0,0.0,0.0,0.0,0.0,0.0
2022/10/20/21:07:04.232910,59,1666325224,232419438,base_link,0.0,0.0,0.0,0.0,0.0,0.0
2022/10/20/21:07:04.252655,60,1666325224,252415740,base_link,0.0,0.0,0.0,0.0,0.0,0.0
2022/10/20/21:07:04.272748,61,1666325224,272418167,base_link,0.0,0.0,0.0,0.0,0.0,0.0
2022/10/20/21:07:04.292710,62,1666325224,292417268,base_link,0.0,0.0,0.0,0.0,0.0,0.0
2022/10/20/21:07:04.312650,63,1666325224,312418730,base_link,0.0,0.0,0.0,0.0,0.0,0.0
2022/10/20/21:07:04.332687,64,1666325224,332419595,base_link,0.0,0.0,0.0,0.0,0.0,0.0
2022/10/20/21:07:04.352721,65,1666325224,352445940,base_link,0.0,0.0,0.0,0.0,0.0,0.0
2022/10/20/21:07:04.373470,66,1666325224,372418804,base_link,0.0,0.0,0.0,0.0,0.0,0.0
2022/10/20/21:07:04.392632,67,1666325224,392417672,base_link,0.0,0.0,0.0,0.0,0.0,0.0
2022/10/20/21:07:04.412671,68,1666325224,412418138,base_link,0.0,0.0,0.0,0.0,0.0,0.0
2022/10/20/21:07:04.433142,69,1666325224,432778329,base_link,0.0,0.0,0.0,0.0,0.0,0.0
2022/10/20/21:07:04.452670,70,1666325224,452413803,base_link,0.0,0.0,0.0,0.0,0.0,0.0
2022/10/20/21:07:04.472704,71,1666325224,472418598,base_link,0.0,0.0,0.0,0.0,0.0,0.0
2022/10/20/21:07:04.492693,72,1666325224,492414274,base_link,0.0,0.0,0.0,0.0,0.0,0.0
2022/10/20/21:07:04.512697,73,1666325224,512428482,base_link,0.0,0.0,0.0,0.0,0.0,0.0
2022/10/20/21:07:04.532635,74,1666325224,532418347,base_link,0.0,0.0,0.0,0.0,0.0,0.0
2022/10/20/21:07:04.552737,75,1666325224,552410407,base_link,0.0,0.0,0.0,0.0,0.0,0.0
2022/10/20/21:07:04.572793,76,1666325224,572462727,base_link,0.0,0.0,0.0,0.0,0.0,0.0
2022/10/20/21:07:04.592852,77,1666325224,592418507,base_link,0.0,0.0,0.0,0.0,0.0,0.0
2022/10/20/21:07:04.612630,78,1666325224,612416177,base_link,0.0,0.0,0.0,0.0,0.0,0.0
2022/10/20/21:07:04.632709,79,1666325224,632417227,base_link,0.0,0.0,0.0,0.0,0.0,0.0
2022/10/20/21:07:04.652884,80,1666325224,652537718,base_link,0.0,0.0,0.0,0.0,0.0,0.0
2022/10/20/21:07:04.672698,81,1666325224,672425710,base_link,0.0,0.0,0.0,0.0,0.0,0.0
2022/10/20/21:07:04.692687,82,1666325224,692418985,base_link,0.0,0.0,0.0,0.0,0.0,0.0
2022/10/20/21:07:04.712682,83,1666325224,712421100,base_link,0.0,0.0,0.0,0.0,0.0,0.0
2022/10/20/21:07:04.732711,84,1666325224,732418586,base_link,0.0,0.0,0.0,0.0,0.0,0.0
2022/10/20/21:07:04.754271,85,1666325224,752430695,base_link,0.0,0.0,0.0,0.0,0.0,0.0
2022/10/20/21:07:04.772669,86,1666325224,772420061,base_link,0.0,0.0,0.0,0.0,0.0,0.0
2022/10/20/21:07:04.794272,87,1666325224,792448169,base_link,0.0,0.0,0.0,0.0,0.0,0.0
2022/10/20/21:07:04.812655,88,1666325224,812413287,base_link,0.0,0.0,0.0,0.0,0.0,0.0
2022/10/20/21:07:04.832643,89,1666325224,832410076,base_link,0.0,0.0,0.0,0.0,0.0,0.0
2022/10/20/21:07:04.852689,90,1666325224,852409156,base_link,0.0,0.0,0.0,0.0,0.0,0.0
2022/10/20/21:07:04.872673,91,1666325224,872418261,base_link,0.0,0.0,0.0,0.0,0.0,0.0
2022/10/20/21:07:04.892755,92,1666325224,892415720,base_link,0.0,0.0,0.0,0.0,0.0,0.0
2022/10/20/21:07:04.913774,93,1666325224,912419025,base_link,0.0,0.0,0.0,0.0,0.0,0.0
2022/10/20/21:07:04.932868,94,1666325224,932418542,base_link,0.0,0.0,0.0,0.0,0.0,0.0
2022/10/20/21:07:04.953995,95,1666325224,953673055,base_link,0.0,0.0,0.0,0.0,0.0,0.0
2022/10/20/21:07:04.972637,96,1666325224,972411919,base_link,0.0,0.0,0.0,0.0,0.0,0.0
2022/10/20/21:07:04.992741,97,1666325224,992423220,base_link,0.0,0.0,0.0,0.0,0.0,0.0
2022/10/20/21:07:05.012722,98,1666325225,12467838,base_link,0.0,0.0,0.0,0.0,0.0,0.0
2022/10/20/21:07:05.032622,99,1666325225,32414092,base_link,0.0,0.0,0.0,0.0,0.0,0.0
2022/10/20/21:07:05.054521,100,1666325225,52421500,base_link,0.0,0.0,0.0,0.0,0.0,0.0
2022/10/20/21:07:05.072728,101,1666325225,72418408,base_link,0.0,0.0,0.0,0.0,0.0,0.0
2022/10/20/21:07:05.092756,102,1666325225,92416399,base_link,0.0,0.0,0.0,0.0,0.0,0.0
2022/10/20/21:07:05.112573,103,1666325225,112406396,base_link,0.0,0.0,0.0,0.0,0.0,0.0
2022/10/20/21:07:05.132766,104,1666325225,132420047,base_link,0.0,0.0,0.0,0.0,0.0,0.0
2022/10/20/21:07:05.152607,105,1666325225,152414137,base_link,0.0,0.0,0.0,0.0,0.0,0.0
2022/10/20/21:07:05.172892,106,1666325225,172427890,base_link,0.0,0.0,0.0,0.0,0.0,0.0
2022/10/20/21:07:05.192624,107,1666325225,192442600,base_link,0.0,0.0,0.0,0.0,0.0,0.0
2022/10/20/21:07:05.212666,108,1666325225,212414540,base_link,0.0,0.0,0.0,0.0,0.0,0.0
2022/10/20/21:07:05.232656,109,1666325225,232419473,base_link,0.0,0.0,0.0,0.0,0.0,0.0
2022/10/20/21:07:05.252580,110,1666325225,252383719,base_link,0.0,0.0,0.0,0.0,0.0,0.0
2022/10/20/21:07:05.272663,111,1666325225,272410647,base_link,0.0,0.0,0.0,0.0,0.0,0.0
2022/10/20/21:07:05.292709,112,1666325225,292415845,base_link,0.0,0.0,0.0,0.0,0.0,0.0
2022/10/20/21:07:05.312593,113,1666325225,312405521,base_link,0.0,0.0,0.0,0.0,0.0,0.0
2022/10/20/21:07:05.333436,114,1666325225,333146347,base_link,0.0,0.0,0.0,0.0,0.0,0.0
2022/10/20/21:07:05.352824,115,1666325225,352433432,base_link,0.0,0.0,0.0,0.0,0.0,0.0
2022/10/20/21:07:05.372885,116,1666325225,372425864,base_link,0.0,0.0,0.0,0.0,0.0,0.0
2022/10/20/21:07:05.392792,117,1666325225,392435281,base_link,0.0,0.0,0.0,0.0,0.0,0.0
2022/10/20/21:07:05.412795,118,1666325225,412439202,base_link,0.0,0.0,0.0,0.0,0.0,0.0
2022/10/20/21:07:05.432664,119,1666325225,432414779,base_link,0.0,0.0,0.0,0.0,0.0,0.0
2022/10/20/21:07:05.452706,120,1666325225,452427776,base_link,0.0,0.0,0.0,0.0,0.0,0.0
2022/10/20/21:07:05.472675,121,1666325225,472409329,base_link,0.0,0.0,0.0,0.0,0.0,0.0
2022/10/20/21:07:05.493136,122,1666325225,492391105,base_link,0.0,0.0,0.0,0.0,0.0,0.0
2022/10/20/21:07:05.512596,123,1666325225,512368274,base_link,0.0,0.0,0.0,0.0,0.0,0.0
2022/10/20/21:07:05.532579,124,1666325225,532414607,base_link,0.0,0.0,0.0,0.0,0.0,0.0
2022/10/20/21:07:05.552755,125,1666325225,552414403,base_link,0.0,0.0,0.0,0.0,0.0,0.0
2022/10/20/21:07:05.572619,126,1666325225,572406573,base_link,0.0,0.0,0.0,0.0,0.0,0.0
2022/10/20/21:07:05.592821,127,1666325225,592424548,base_link,0.0,0.0,0.0,0.0,0.0,0.0
2022/10/20/21:07:05.612750,128,1666325225,612416521,base_link,0.0,0.0,0.0,0.0,0.0,0.0
2022/10/20/21:07:05.632596,129,1666325225,632411116,base_link,0.0,0.0,0.0,0.0,0.0,0.0
2022/10/20/21:07:05.652780,130,1666325225,652411307,base_link,0.0,0.0,0.0,0.0,0.0,0.0
2022/10/20/21:07:05.674099,131,1666325225,673740387,base_link,0.0,0.0,0.0,0.0,0.0,0.0
2022/10/20/21:07:05.692720,132,1666325225,692421352,base_link,0.0,0.0,0.0,0.0,0.0,0.0
2022/10/20/21:07:05.712713,133,1666325225,712418075,base_link,0.0,0.0,0.0,0.0,0.0,0.0
2022/10/20/21:07:05.732848,134,1666325225,732431832,base_link,0.0,0.0,0.0,0.0,0.0,0.0
2022/10/20/21:07:05.752735,135,1666325225,752432926,base_link,0.0,0.0,0.0,0.0,0.0,0.0
2022/10/20/21:07:05.772872,136,1666325225,772521397,base_link,0.0,0.0,0.0,0.0,0.0,0.0
2022/10/20/21:07:05.792697,137,1666325225,792412664,base_link,0.0,0.0,0.0,0.0,0.0,0.0
2022/10/20/21:07:05.812847,138,1666325225,812440697,base_link,0.0,0.0,0.0,0.0,0.0,0.0
2022/10/20/21:07:05.832729,139,1666325225,832423039,base_link,0.0,0.0,0.0,0.0,0.0,0.0
2022/10/20/21:07:05.852632,140,1666325225,852414199,base_link,0.0,0.0,0.0,0.0,0.0,0.0
2022/10/20/21:07:05.873924,141,1666325225,873460653,base_link,0.0,0.0,0.0,0.0,0.0,0.0
2022/10/20/21:07:05.892683,142,1666325225,892413710,base_link,0.0,0.0,0.0,0.0,0.0,0.0
2022/10/20/21:07:05.913638,143,1666325225,913378371,base_link,0.0,0.0,0.0,0.0,0.0,0.0
2022/10/20/21:07:05.933946,144,1666325225,932423956,base_link,0.0,0.0,0.0,0.0,0.0,0.0
2022/10/20/21:07:05.952632,145,1666325225,952419504,base_link,0.0,0.0,0.0,0.0,0.0,0.0
2022/10/20/21:07:05.974491,146,1666325225,974049433,base_link,0.0,0.0,0.0,0.0,0.0,0.0
2022/10/20/21:07:05.992698,147,1666325225,992411230,base_link,0.0,0.0,0.0,0.0,0.0,0.0
2022/10/20/21:07:06.012639,148,1666325226,12413932,base_link,0.0,0.0,0.0,0.0,0.0,0.0
2022/10/20/21:07:06.032705,149,1666325226,32419083,base_link,0.0,0.0,0.0,0.0,0.0,0.0
2022/10/20/21:07:06.052883,150,1666325226,52438096,base_link,0.0,0.0,0.0,0.0,0.0,0.0
2022/10/20/21:07:06.072717,151,1666325226,72424981,base_link,0.0,0.0,0.0,0.0,0.0,0.0
2022/10/20/21:07:06.092628,152,1666325226,92415377,base_link,0.0,0.0,0.0,0.0,0.0,0.0
2022/10/20/21:07:06.112641,153,1666325226,112446689,base_link,0.0,0.0,0.0,0.0,0.0,0.0
2022/10/20/21:07:06.132734,154,1666325226,132430981,base_link,0.0,0.0,0.0,0.0,0.0,0.0
2022/10/20/21:07:06.152643,155,1666325226,152416683,base_link,0.0,0.0,0.0,0.0,0.0,0.0
2022/10/20/21:07:06.172700,156,1666325226,172410884,base_link,0.0,0.0,0.0,0.0,0.0,0.0
2022/10/20/21:07:06.192760,157,1666325226,192417520,base_link,0.0,0.0,0.0,0.0,0.0,0.0
2022/10/20/21:07:06.212660,158,1666325226,212414359,base_link,0.0,0.0,0.0,0.0,0.0,0.0
2022/10/20/21:07:06.232700,159,1666325226,232429341,base_link,0.0,0.0,0.0,0.0,0.0,0.0
2022/10/20/21:07:06.252733,160,1666325226,252409773,base_link,0.0,0.0,0.0,0.0,0.0,0.0
2022/10/20/21:07:06.274006,161,1666325226,272463999,base_link,0.0,0.0,0.0,0.0,0.0,0.0
2022/10/20/21:07:06.292803,162,1666325226,292414815,base_link,0.0,0.0,0.0,0.0,0.0,0.0
2022/10/20/21:07:06.312645,163,1666325226,312415631,base_link,0.0,0.0,0.0,0.0,0.0,0.0
2022/10/20/21:07:06.332613,164,1666325226,332419238,base_link,0.0,0.0,0.0,0.0,0.0,0.0
2022/10/20/21:07:06.352764,165,1666325226,352388963,base_link,0.0,0.0,0.0,0.0,0.0,0.0
2022/10/20/21:07:06.372689,166,1666325226,372415493,base_link,0.0,0.0,0.0,0.0,0.0,0.0
2022/10/20/21:07:06.392740,167,1666325226,392427387,base_link,0.0,0.0,0.0,0.0,0.0,0.0
2022/10/20/21:07:06.415840,168,1666325226,415562538,base_link,0.0,0.0,0.0,0.0,0.0,0.0
2022/10/20/21:07:06.432717,169,1666325226,432417030,base_link,0.0,0.0,0.0,0.0,0.0,0.0
2022/10/20/21:07:06.452701,170,1666325226,452420526,base_link,0.0,0.0,0.0,0.0,0.0,0.0
2022/10/20/21:07:06.472687,171,1666325226,472417304,base_link,0.0,0.0,0.0,0.0,0.0,0.0
2022/10/20/21:07:06.493134,172,1666325226,492775663,base_link,0.0,0.0,0.0,0.0,0.0,0.0
2022/10/20/21:07:06.512706,173,1666325226,512424331,base_link,0.0,0.0,0.0,0.0,0.0,0.0
2022/10/20/21:07:06.532580,174,1666325226,532413174,base_link,0.0,0.0,0.0,0.0,0.0,0.0
2022/10/20/21:07:06.552613,175,1666325226,552419330,base_link,0.0,0.0,0.0,0.0,0.0,0.0
2022/10/20/21:07:06.573457,176,1666325226,572416809,base_link,0.0,0.0,0.0,0.0,0.0,0.0
2022/10/20/21:07:06.592658,177,1666325226,592413184,base_link,0.0,0.0,0.0,0.0,0.0,0.0
2022/10/20/21:07:06.612635,178,1666325226,612418270,base_link,0.0,0.0,0.0,0.0,0.0,0.0
2022/10/20/21:07:06.632651,179,1666325226,632411132,base_link,0.0,0.0,0.0,0.0,0.0,0.0
2022/10/20/21:07:06.652689,180,1666325226,652430481,base_link,0.0,0.0,0.0,0.0,0.0,0.0
2022/10/20/21:07:06.672758,181,1666325226,672425962,base_link,0.0,0.0,0.0,0.0,0.0,0.0
2022/10/20/21:07:06.692704,182,1666325226,692423249,base_link,0.0,0.0,0.0,0.0,0.0,0.0
2022/10/20/21:07:06.712730,183,1666325226,712419261,base_link,0.0,0.0,0.0,0.0,0.0,0.0
2022/10/20/21:07:06.732618,184,1666325226,732416954,base_link,0.0,0.0,0.0,0.0,0.0,0.0
2022/10/20/21:07:06.752662,185,1666325226,752398411,base_link,0.0,0.0,0.0,0.0,0.0,0.0
2022/10/20/21:07:06.774369,186,1666325226,774024841,base_link,0.0,0.0,0.0,0.0,0.0,0.0
2022/10/20/21:07:06.792664,187,1666325226,792415268,base_link,0.0,0.0,0.0,0.0,0.0,0.0
2022/10/20/21:07:06.812705,188,1666325226,812415551,base_link,0.0,0.0,0.0,0.0,0.0,0.0
2022/10/20/21:07:06.832736,189,1666325226,832419968,base_link,0.0,0.0,0.0,0.0,0.0,0.0
2022/10/20/21:07:06.852619,190,1666325226,852420232,base_link,0.0,0.0,0.0,0.0,0.0,0.0
2022/10/20/21:07:06.873220,191,1666325226,872858321,base_link,0.0,0.0,0.0,0.0,0.0,0.0
2022/10/20/21:07:06.894008,192,1666325226,893671107,base_link,0.0,0.0,0.0,0.0,0.0,0.0
2022/10/20/21:07:06.912710,193,1666325226,912419681,base_link,0.0,0.0,0.0,0.0,0.0,0.0
2022/10/20/21:07:06.932922,194,1666325226,932433558,base_link,0.0,0.0,0.0,0.0,0.0,0.0
2022/10/20/21:07:06.952605,195,1666325226,952410468,base_link,0.0,0.0,0.0,0.0,0.0,0.0
2022/10/20/21:07:06.972694,196,1666325226,972416732,base_link,0.0,0.0,0.0,0.0,0.0,0.0
2022/10/20/21:07:06.992599,197,1666325226,992387455,base_link,0.0,0.0,0.0,0.0,0.0,0.0
2022/10/20/21:07:07.012751,198,1666325227,12420483,base_link,0.0,0.0,0.0,0.0,0.0,0.0
2022/10/20/21:07:07.032643,199,1666325227,32409678,base_link,0.0,0.0,0.0,0.0,0.0,0.0
2022/10/20/21:07:07.052699,200,1666325227,52421378,base_link,0.0,0.0,0.0,0.0,0.0,0.0
2022/10/20/21:07:07.073054,201,1666325227,72674316,base_link,0.0,0.0,0.0,0.0,0.0,0.0
2022/10/20/21:07:07.092743,202,1666325227,92411527,base_link,0.0,0.0,0.0,0.0,0.0,0.0
2022/10/20/21:07:07.115919,203,1666325227,112423985,base_link,0.0,0.0,0.0,0.0,0.0,0.0
2022/10/20/21:07:07.132648,204,1666325227,132410092,base_link,0.0,0.0,0.0,0.0,0.0,0.0
2022/10/20/21:07:07.153669,205,1666325227,152418762,base_link,0.0,0.0,0.0,0.0,0.0,0.0
2022/10/20/21:07:07.172729,206,1666325227,172463089,base_link,0.0,0.0,0.0,0.0,0.0,0.0
2022/10/20/21:07:07.192627,207,1666325227,192416749,base_link,0.0,0.0,0.0,0.0,0.0,0.0
2022/10/20/21:07:07.212829,208,1666325227,212414006,base_link,0.0,0.0,0.0,0.0,0.0,0.0
2022/10/20/21:07:07.233062,209,1666325227,232771257,base_link,0.0,0.0,0.0,0.0,0.0,0.0
2022/10/20/21:07:07.252725,210,1666325227,252420629,base_link,0.0,0.0,0.0,0.0,0.0,0.0
2022/10/20/21:07:07.272556,211,1666325227,272412104,base_link,0.0,0.0,0.0,0.0,0.0,0.0
2022/10/20/21:07:07.292645,212,1666325227,292420710,base_link,0.0,0.0,0.0,0.0,0.0,0.0
2022/10/20/21:07:07.313172,213,1666325227,312895111,base_link,0.0,0.0,0.0,0.0,0.0,0.0
2022/10/20/21:07:07.332594,214,1666325227,332408489,base_link,0.0,0.0,0.0,0.0,0.0,0.0
2022/10/20/21:07:07.353944,215,1666325227,353630687,base_link,0.0,0.0,0.0,0.0,0.0,0.0
2022/10/20/21:07:07.372730,216,1666325227,372443362,base_link,0.0,0.0,0.0,0.0,0.0,0.0
2022/10/20/21:07:07.392635,217,1666325227,392411497,base_link,0.0,0.0,0.0,0.0,0.0,0.0
2022/10/20/21:07:07.412630,218,1666325227,412417499,base_link,0.0,0.0,0.0,0.0,0.0,0.0
2022/10/20/21:07:07.432674,219,1666325227,432413945,base_link,0.0,0.0,0.0,0.0,0.0,0.0
2022/10/20/21:07:07.452632,220,1666325227,452418447,base_link,0.0,0.0,0.0,0.0,0.0,0.0
2022/10/20/21:07:07.473641,221,1666325227,472812077,base_link,0.0,0.0,0.0,0.0,0.0,0.0
2022/10/20/21:07:07.492634,222,1666325227,492399534,base_link,0.0,0.0,0.0,0.0,0.0,0.0
2022/10/20/21:07:07.513644,223,1666325227,513082871,base_link,0.0,0.0,0.0,0.0,0.0,0.0
2022/10/20/21:07:07.532657,224,1666325227,532426343,base_link,0.0,0.0,0.0,0.0,0.0,0.0
2022/10/20/21:07:07.553043,225,1666325227,552459385,base_link,0.0,0.0,0.0,0.0,0.0,0.0
2022/10/20/21:07:07.572993,226,1666325227,572423288,base_link,0.0,0.0,0.0,0.0,0.0,0.0
2022/10/20/21:07:07.592877,227,1666325227,592408687,base_link,0.0,0.0,0.0,0.0,0.0,0.0
2022/10/20/21:07:07.612568,228,1666325227,612408630,base_link,0.0,0.0,0.0,0.0,0.0,0.0
2022/10/20/21:07:07.633901,229,1666325227,632689716,base_link,0.0,0.0,0.0,0.0,0.0,0.0
2022/10/20/21:07:07.652692,230,1666325227,652409589,base_link,0.0,0.0,0.0,0.0,0.0,0.0
2022/10/20/21:07:07.674895,231,1666325227,674615013,base_link,0.0,0.0,0.0,0.0,0.0,0.0
2022/10/20/21:07:07.692796,232,1666325227,692539700,base_link,0.0,0.0,0.0,0.0,0.0,0.0
2022/10/20/21:07:07.712706,233,1666325227,712417941,base_link,0.0,0.0,0.0,0.0,0.0,0.0
2022/10/20/21:07:07.732713,234,1666325227,732410989,base_link,0.0,0.0,0.0,0.0,0.0,0.0
2022/10/20/21:07:07.754000,235,1666325227,752426638,base_link,0.0,0.0,0.0,0.0,0.0,0.0
2022/10/20/21:07:07.772649,236,1666325227,772417206,base_link,0.0,0.0,0.0,0.0,0.0,0.0
2022/10/20/21:07:07.792626,237,1666325227,792408668,base_link,0.0,0.0,0.0,0.0,0.0,0.0
2022/10/20/21:07:07.813182,238,1666325227,812419256,base_link,0.0,0.0,0.0,0.0,0.0,0.0
2022/10/20/21:07:07.832649,239,1666325227,832414456,base_link,0.0,0.0,0.0,0.0,0.0,0.0
2022/10/20/21:07:07.852670,240,1666325227,852415905,base_link,0.0,0.0,0.0,0.0,0.0,0.0
2022/10/20/21:07:07.872618,241,1666325227,872415994,base_link,0.0,0.0,0.0,0.0,0.0,0.0
2022/10/20/21:07:07.892644,242,1666325227,892412132,base_link,0.0,0.0,0.0,0.0,0.0,0.0
2022/10/20/21:07:07.912650,243,1666325227,912418853,base_link,0.0,0.0,0.0,0.0,0.0,0.0
2022/10/20/21:07:07.932700,244,1666325227,932421856,base_link,0.0,0.0,0.0,0.0,0.0,0.0
2022/10/20/21:07:07.952773,245,1666325227,952416109,base_link,0.0,0.0,0.0,0.0,0.0,0.0
2022/10/20/21:07:07.972672,246,1666325227,972421119,base_link,0.0,0.0,0.0,0.0,0.0,0.0
2022/10/20/21:07:07.994281,247,1666325227,992416703,base_link,0.0,0.0,0.0,0.0,0.0,0.0
2022/10/20/21:07:08.015440,248,1666325228,13826175,base_link,0.0,0.0,0.0,0.0,0.0,0.0
2022/10/20/21:07:08.032723,249,1666325228,32429023,base_link,0.0,0.0,0.0,0.0,0.0,0.0
2022/10/20/21:07:08.053154,250,1666325228,52421035,base_link,0.0,0.0,0.0,0.0,0.0,0.0
2022/10/20/21:07:08.072705,251,1666325228,72401624,base_link,0.0,0.0,0.0,0.0,0.0,0.0
2022/10/20/21:07:08.092715,252,1666325228,92427080,base_link,0.0,0.0,0.0,0.0,0.0,0.0
2022/10/20/21:07:08.112693,253,1666325228,112418218,base_link,0.0,0.0,0.0,0.0,0.0,0.0
2022/10/20/21:07:08.132663,254,1666325228,132427269,base_link,0.0,0.0,0.0,0.0,0.0,0.0
2022/10/20/21:07:08.152719,255,1666325228,152444139,base_link,0.0,0.0,0.0,0.0,0.0,0.0
2022/10/20/21:07:08.172655,256,1666325228,172415015,base_link,0.0,0.0,0.0,0.0,0.0,0.0
2022/10/20/21:07:08.193760,257,1666325228,192420760,base_link,0.0,0.0,0.0,0.0,0.0,0.0
2022/10/20/21:07:08.219871,258,1666325228,214077186,base_link,0.0,0.0,0.0,0.0,0.0,0.0
2022/10/20/21:07:08.232618,259,1666325228,232418809,base_link,0.0,0.0,0.0,0.0,0.0,0.0
2022/10/20/21:07:08.252682,260,1666325228,252417781,base_link,0.0,0.0,0.0,0.0,0.0,0.0
2022/10/20/21:07:08.272769,261,1666325228,272422769,base_link,0.0,0.0,0.0,0.0,0.0,0.0
2022/10/20/21:07:08.292718,262,1666325228,292509640,base_link,0.0,0.0,0.0,0.0,0.0,0.0
2022/10/20/21:07:08.312587,263,1666325228,312409337,base_link,0.0,0.0,0.0,0.0,0.0,0.0
2022/10/20/21:07:08.332694,264,1666325228,332435632,base_link,0.0,0.0,0.0,0.0,0.0,0.0
2022/10/20/21:07:08.352653,265,1666325228,352413953,base_link,0.0,0.0,0.0,0.0,0.0,0.0
2022/10/20/21:07:08.372695,266,1666325228,372415936,base_link,0.0,0.0,0.0,0.0,0.0,0.0
2022/10/20/21:07:08.392731,267,1666325228,392414857,base_link,0.0,0.0,0.0,0.0,0.0,0.0
2022/10/20/21:07:08.412595,268,1666325228,412404960,base_link,0.0,0.0,0.0,0.0,0.0,0.0
2022/10/20/21:07:08.432602,269,1666325228,432414593,base_link,0.0,0.0,0.0,0.0,0.0,0.0
2022/10/20/21:07:08.452722,270,1666325228,452424590,base_link,0.0,0.0,0.0,0.0,0.0,0.0
2022/10/20/21:07:08.473476,271,1666325228,472427561,base_link,0.0,0.0,0.0,0.0,0.0,0.0
2022/10/20/21:07:08.493355,272,1666325228,492428910,base_link,0.0,0.0,0.0,0.0,0.0,0.0
2022/10/20/21:07:08.512967,273,1666325228,512433990,base_link,0.0,0.0,0.0,0.0,0.0,0.0
2022/10/20/21:07:08.538443,274,1666325228,538164068,base_link,0.0,0.0,0.0,0.0,0.0,0.0
2022/10/20/21:07:08.552698,275,1666325228,552415015,base_link,0.0,0.0,0.0,0.0,0.0,0.0
2022/10/20/21:07:08.572671,276,1666325228,572425107,base_link,0.0,0.0,0.0,0.0,0.0,0.0
2022/10/20/21:07:08.594935,277,1666325228,592417508,base_link,0.0,0.0,0.0,0.0,0.0,0.0
2022/10/20/21:07:08.612690,278,1666325228,612411060,base_link,0.0,0.0,0.0,0.0,0.0,0.0
2022/10/20/21:07:08.632706,279,1666325228,632413631,base_link,0.0,0.0,0.0,0.0,0.0,0.0
2022/10/20/21:07:08.653555,280,1666325228,653135849,base_link,0.0,0.0,0.0,0.0,0.0,0.0
2022/10/20/21:07:08.672702,281,1666325228,672419180,base_link,0.0,0.0,0.0,0.0,0.0,0.0
2022/10/20/21:07:08.692694,282,1666325228,692417333,base_link,0.0,0.0,0.0,0.0,0.0,0.0
2022/10/20/21:07:08.712612,283,1666325228,712415815,base_link,0.0,0.0,0.0,0.0,0.0,0.0
2022/10/20/21:07:08.732785,284,1666325228,732423411,base_link,0.0,0.0,0.0,0.0,0.0,0.0
2022/10/20/21:07:08.752630,285,1666325228,752422777,base_link,0.0,0.0,0.0,0.0,0.0,0.0
2022/10/20/21:07:08.772686,286,1666325228,772409903,base_link,0.0,0.0,0.0,0.0,0.0,0.0
2022/10/20/21:07:08.792615,287,1666325228,792418227,base_link,0.0,0.0,0.0,0.0,0.0,0.0
2022/10/20/21:07:08.812656,288,1666325228,812419844,base_link,0.0,0.0,0.0,0.0,0.0,0.0
2022/10/20/21:07:08.832696,289,1666325228,832416960,base_link,0.0,0.0,0.0,0.0,0.0,0.0
2022/10/20/21:07:08.852670,290,1666325228,852395195,base_link,0.0,0.0,0.0,0.0,0.0,0.0
2022/10/20/21:07:08.872710,291,1666325228,872411251,base_link,0.0,0.0,0.0,0.0,0.0,0.0
2022/10/20/21:07:08.892593,292,1666325228,892415309,base_link,0.0,0.0,0.0,0.0,0.0,0.0
2022/10/20/21:07:08.912843,293,1666325228,912429736,base_link,0.0,0.0,0.0,0.0,0.0,0.0
2022/10/20/21:07:08.932743,294,1666325228,932421072,base_link,0.0,0.0,0.0,0.0,0.0,0.0
2022/10/20/21:07:08.952658,295,1666325228,952416049,base_link,0.0,0.0,0.0,0.0,0.0,0.0
2022/10/20/21:07:08.972647,296,1666325228,972412893,base_link,0.0,0.0,0.0,0.0,0.0,0.0
2022/10/20/21:07:08.992653,297,1666325228,992414565,base_link,0.0,0.0,0.0,0.0,0.0,0.0
2022/10/20/21:07:09.012911,298,1666325229,12433901,base_link,0.0,0.0,0.0,0.0,0.0,0.0
2022/10/20/21:07:09.032688,299,1666325229,32408817,base_link,0.0,0.0,0.0,0.0,0.0,0.0
2022/10/20/21:07:09.052660,300,1666325229,52415626,base_link,0.0,0.0,0.0,0.0,0.0,0.0
2022/10/20/21:07:09.072868,301,1666325229,72467683,base_link,0.0,0.0,0.0,0.0,0.0,0.0
2022/10/20/21:07:09.092868,302,1666325229,92617469,base_link,0.0,0.0,0.0,0.0,0.0,0.0
2022/10/20/21:07:09.112839,303,1666325229,112419115,base_link,0.0,0.0,0.0,0.0,0.0,0.0
2022/10/20/21:07:09.132591,304,1666325229,132412707,base_link,0.0,0.0,0.0,0.0,0.0,0.0
2022/10/20/21:07:09.152956,305,1666325229,152649065,base_link,0.0,0.0,0.0,0.0,0.0,0.0
2022/10/20/21:07:09.172772,306,1666325229,172418825,base_link,0.0,0.0,0.0,0.0,0.0,0.0
2022/10/20/21:07:09.192928,307,1666325229,192429408,base_link,0.0,0.0,0.0,0.0,0.0,0.0
2022/10/20/21:07:09.212758,308,1666325229,212415068,base_link,0.0,0.0,0.0,0.0,0.0,0.0
2022/10/20/21:07:09.234346,309,1666325229,232425777,base_link,0.0,0.0,0.0,0.0,0.0,0.0
2022/10/20/21:07:09.252607,310,1666325229,252407779,base_link,0.0,0.0,0.0,0.0,0.0,0.0
2022/10/20/21:07:09.272725,311,1666325229,272418942,base_link,0.0,0.0,0.0,0.0,0.0,0.0
2022/10/20/21:07:09.293260,312,1666325229,292416381,base_link,0.0,0.0,0.0,0.0,0.0,0.0
2022/10/20/21:07:09.312757,313,1666325229,312419391,base_link,0.0,0.0,0.0,0.0,0.0,0.0
2022/10/20/21:07:09.333016,314,1666325229,332424809,base_link,0.0,0.0,0.0,0.0,0.0,0.0
2022/10/20/21:07:09.352627,315,1666325229,352418879,base_link,0.0,0.0,0.0,0.0,0.0,0.0
2022/10/20/21:07:09.372709,316,1666325229,372410953,base_link,0.0,0.0,0.0,0.0,0.0,0.0
2022/10/20/21:07:09.394646,317,1666325229,394094979,base_link,0.0,0.0,0.0,0.0,0.0,0.0
2022/10/20/21:07:09.412743,318,1666325229,412417780,base_link,0.0,0.0,0.0,0.0,0.0,0.0
2022/10/20/21:07:09.432717,319,1666325229,432412690,base_link,0.0,0.0,0.0,0.0,0.0,0.0
2022/10/20/21:07:09.456710,320,1666325229,456326256,base_link,0.0,0.0,0.0,0.0,0.0,0.0
2022/10/20/21:07:09.472614,321,1666325229,472409012,base_link,0.0,0.0,0.0,0.0,0.0,0.0
2022/10/20/21:07:09.492808,322,1666325229,492466071,base_link,0.0,0.0,0.0,0.0,0.0,0.0
2022/10/20/21:07:09.512669,323,1666325229,512429474,base_link,0.0,0.0,0.0,0.0,0.0,0.0
2022/10/20/21:07:09.532779,324,1666325229,532417178,base_link,0.0,0.0,0.0,0.0,0.0,0.0
2022/10/20/21:07:09.552825,325,1666325229,552429995,base_link,0.0,0.0,0.0,0.0,0.0,0.0
2022/10/20/21:07:09.572678,326,1666325229,572419172,base_link,0.0,0.0,0.0,0.0,0.0,0.0
2022/10/20/21:07:09.592656,327,1666325229,592412922,base_link,0.0,0.0,0.0,0.0,0.0,0.0
2022/10/20/21:07:09.612745,328,1666325229,612416257,base_link,0.0,0.0,0.0,0.0,0.0,0.0
2022/10/20/21:07:09.632695,329,1666325229,632414518,base_link,0.0,0.0,0.0,0.0,0.0,0.0
2022/10/20/21:07:09.652759,330,1666325229,652407380,base_link,0.0,0.0,0.0,0.0,0.0,0.0
2022/10/20/21:07:09.672734,331,1666325229,672421909,base_link,0.0,0.0,0.0,0.0,0.0,0.0
2022/10/20/21:07:09.696824,332,1666325229,692415108,base_link,0.0,0.0,0.0,0.0,0.0,0.0
2022/10/20/21:07:09.712658,333,1666325229,712446881,base_link,0.0,0.0,0.0,0.0,0.0,0.0
2022/10/20/21:07:09.732809,334,1666325229,732421972,base_link,0.0,0.0,0.0,0.0,0.0,0.0
2022/10/20/21:07:09.752625,335,1666325229,752420370,base_link,0.0,0.0,0.0,0.0,0.0,0.0
2022/10/20/21:07:09.772811,336,1666325229,772421474,base_link,0.0,0.0,0.0,0.0,0.0,0.0
2022/10/20/21:07:09.792705,337,1666325229,792420927,base_link,0.0,0.0,0.0,0.0,0.0,0.0
2022/10/20/21:07:09.812735,338,1666325229,812417174,base_link,0.0,0.0,0.0,0.0,0.0,0.0
2022/10/20/21:07:09.832688,339,1666325229,832420361,base_link,0.0,0.0,0.0,0.0,0.0,0.0
2022/10/20/21:07:09.852596,340,1666325229,852409343,base_link,0.0,0.0,0.0,0.0,0.0,0.0
2022/10/20/21:07:09.872969,341,1666325229,872428177,base_link,0.0,0.0,0.0,0.0,0.0,0.0
2022/10/20/21:07:09.892660,342,1666325229,892414996,base_link,0.0,0.0,0.0,0.0,0.0,0.0
2022/10/20/21:07:09.912580,343,1666325229,912408986,base_link,0.0,0.0,0.0,0.0,0.0,0.0
2022/10/20/21:07:09.932638,344,1666325229,932408529,base_link,0.0,0.0,0.0,0.0,0.0,0.0
2022/10/20/21:07:09.952644,345,1666325229,952386540,base_link,0.0,0.0,0.0,0.0,0.0,0.0
2022/10/20/21:07:09.975678,346,1666325229,972417006,base_link,0.0,0.0,0.0,0.0,0.0,0.0
2022/10/20/21:07:09.992741,347,1666325229,992414830,base_link,0.0,0.0,0.0,0.0,0.0,0.0
2022/10/20/21:07:10.012698,348,1666325230,12419769,base_link,0.0,0.0,0.0,0.0,0.0,0.0
2022/10/20/21:07:10.032698,349,1666325230,32422850,base_link,0.0,0.0,0.0,0.0,0.0,0.0
2022/10/20/21:07:10.052730,350,1666325230,52421894,base_link,0.0,0.0,0.0,0.0,0.0,0.0
2022/10/20/21:07:10.072661,351,1666325230,72420424,base_link,0.0,0.0,0.0,0.0,0.0,0.0
2022/10/20/21:07:10.092874,352,1666325230,92415906,base_link,0.0,0.0,0.0,0.0,0.0,0.0
2022/10/20/21:07:10.113063,353,1666325230,112431546,base_link,0.0,0.0,0.0,0.0,0.0,0.0
2022/10/20/21:07:10.132739,354,1666325230,132420610,base_link,0.0,0.0,0.0,0.0,0.0,0.0
2022/10/20/21:07:10.152577,355,1666325230,152408918,base_link,0.0,0.0,0.0,0.0,0.0,0.0
2022/10/20/21:07:10.172714,356,1666325230,172418331,base_link,0.0,0.0,0.0,0.0,0.0,0.0
2022/10/20/21:07:10.192716,357,1666325230,192439325,base_link,0.0,0.0,0.0,0.0,0.0,0.0
2022/10/20/21:07:10.212726,358,1666325230,212427417,base_link,0.0,0.0,0.0,0.0,0.0,0.0
2022/10/20/21:07:10.232870,359,1666325230,232414102,base_link,0.0,0.0,0.0,0.0,0.0,0.0
2022/10/20/21:07:10.252660,360,1666325230,252415554,base_link,0.0,0.0,0.0,0.0,0.0,0.0
2022/10/20/21:07:10.272597,361,1666325230,272416596,base_link,0.0,0.0,0.0,0.0,0.0,0.0
2022/10/20/21:07:10.293319,362,1666325230,292843845,base_link,0.0,0.0,0.0,0.0,0.0,0.0
2022/10/20/21:07:10.312799,363,1666325230,312420829,base_link,0.0,0.0,0.0,0.0,0.0,0.0
2022/10/20/21:07:10.332693,364,1666325230,332423729,base_link,0.0,0.0,0.0,0.0,0.0,0.0
2022/10/20/21:07:10.352751,365,1666325230,352469368,base_link,0.0,0.0,0.0,0.0,0.0,0.0
2022/10/20/21:07:10.372687,366,1666325230,372413991,base_link,0.0,0.0,0.0,0.0,0.0,0.0
2022/10/20/21:07:10.392679,367,1666325230,392419608,base_link,0.0,0.0,0.0,0.0,0.0,0.0
2022/10/20/21:07:10.412681,368,1666325230,412412533,base_link,0.0,0.0,0.0,0.0,0.0,0.0
2022/10/20/21:07:10.432681,369,1666325230,432418900,base_link,0.0,0.0,0.0,0.0,0.0,0.0
2022/10/20/21:07:10.452579,370,1666325230,452376476,base_link,0.0,0.0,0.0,0.0,0.0,0.0
2022/10/20/21:07:10.472751,371,1666325230,472416305,base_link,0.0,0.0,0.0,0.0,0.0,0.0
2022/10/20/21:07:10.492635,372,1666325230,492410172,base_link,0.0,0.0,0.0,0.0,0.0,0.0
2022/10/20/21:07:10.512681,373,1666325230,512416956,base_link,0.0,0.0,0.0,0.0,0.0,0.0
2022/10/20/21:07:10.532628,374,1666325230,532420498,base_link,0.0,0.0,0.0,0.0,0.0,0.0
2022/10/20/21:07:10.552665,375,1666325230,552414083,base_link,0.0,0.0,0.0,0.0,0.0,0.0
2022/10/20/21:07:10.573003,376,1666325230,572760210,base_link,0.0,0.0,0.0,0.0,0.0,0.0
2022/10/20/21:07:10.592635,377,1666325230,592414364,base_link,0.0,0.0,0.0,0.0,0.0,0.0
2022/10/20/21:07:10.612653,378,1666325230,612418455,base_link,0.0,0.0,0.0,0.0,0.0,0.0
2022/10/20/21:07:10.632727,379,1666325230,632425150,base_link,0.0,0.0,0.0,0.0,0.0,0.0
2022/10/20/21:07:10.653632,380,1666325230,653385585,base_link,0.0,0.0,0.0,0.0,0.0,0.0
2022/10/20/21:07:10.673126,381,1666325230,672726944,base_link,0.0,0.0,0.0,0.0,0.0,0.0
2022/10/20/21:07:10.692873,382,1666325230,692481190,base_link,0.0,0.0,0.0,0.0,0.0,0.0
2022/10/20/21:07:10.712659,383,1666325230,712411381,base_link,0.0,0.0,0.0,0.0,0.0,0.0
2022/10/20/21:07:10.732844,384,1666325230,732435684,base_link,0.0,0.0,0.0,0.0,0.0,0.0
2022/10/20/21:07:10.752682,385,1666325230,752427830,base_link,0.0,0.0,0.0,0.0,0.0,0.0
2022/10/20/21:07:10.772648,386,1666325230,772412454,base_link,0.0,0.0,0.0,0.0,0.0,0.0
2022/10/20/21:07:10.792608,387,1666325230,792408266,base_link,0.0,0.0,0.0,0.0,0.0,0.0
2022/10/20/21:07:10.812731,388,1666325230,812417093,base_link,0.0,0.0,0.0,0.0,0.0,0.0
2022/10/20/21:07:10.833139,389,1666325230,832418812,base_link,0.0,0.0,0.0,0.0,0.0,0.0
2022/10/20/21:07:10.852708,390,1666325230,852413715,base_link,0.0,0.0,0.0,0.0,0.0,0.0
2022/10/20/21:07:10.872715,391,1666325230,872421543,base_link,0.0,0.0,0.0,0.0,0.0,0.0
2022/10/20/21:07:10.892602,392,1666325230,892412707,base_link,0.0,0.0,0.0,0.0,0.0,0.0
2022/10/20/21:07:10.912975,393,1666325230,912610909,base_link,0.0,0.0,0.0,0.0,0.0,0.0
2022/10/20/21:07:10.932685,394,1666325230,932414443,base_link,0.0,0.0,0.0,0.0,0.0,0.0
2022/10/20/21:07:10.952828,395,1666325230,952422350,base_link,0.0,0.0,0.0,0.0,0.0,0.0
2022/10/20/21:07:10.973629,396,1666325230,973304672,base_link,0.0,0.0,0.0,0.0,0.0,0.0
2022/10/20/21:07:10.992720,397,1666325230,992419729,base_link,0.0,0.0,0.0,0.0,0.0,0.0
2022/10/20/21:07:11.012693,398,1666325231,12412740,base_link,0.0,0.0,0.0,0.0,0.0,0.0
2022/10/20/21:07:11.032663,399,1666325231,32416848,base_link,0.0,0.0,0.0,0.0,0.0,0.0
2022/10/20/21:07:11.052755,400,1666325231,52426562,base_link,0.0,0.0,0.0,0.0,0.0,0.0
2022/10/20/21:07:11.072714,401,1666325231,72412916,base_link,0.0,0.0,0.0,0.0,0.0,0.0
2022/10/20/21:07:11.092709,402,1666325231,92414143,base_link,0.0,0.0,0.0,0.0,0.0,0.0
2022/10/20/21:07:11.112655,403,1666325231,112410669,base_link,0.0,0.0,0.0,0.0,0.0,0.0
2022/10/20/21:07:11.132595,404,1666325231,132412560,base_link,0.0,0.0,0.0,0.0,0.0,0.0
2022/10/20/21:07:11.152863,405,1666325231,152420445,base_link,0.0,0.0,0.0,0.0,0.0,0.0
2022/10/20/21:07:11.172596,406,1666325231,172409549,base_link,0.0,0.0,0.0,0.0,0.0,0.0
2022/10/20/21:07:11.193084,407,1666325231,192667316,base_link,0.0,0.0,0.0,0.0,0.0,0.0
2022/10/20/21:07:11.212665,408,1666325231,212412410,base_link,0.0,0.0,0.0,0.0,0.0,0.0
2022/10/20/21:07:11.232602,409,1666325231,232408617,base_link,0.0,0.0,0.0,0.0,0.0,0.0
2022/10/20/21:07:11.255440,410,1666325231,255051269,base_link,0.0,0.0,0.0,0.0,0.0,0.0
2022/10/20/21:07:11.272709,411,1666325231,272417645,base_link,0.0,0.0,0.0,0.0,0.0,0.0
2022/10/20/21:07:11.296013,412,1666325231,295691196,base_link,0.0,0.0,0.0,0.0,0.0,0.0
2022/10/20/21:07:11.312709,413,1666325231,312426801,base_link,0.0,0.0,0.0,0.0,0.0,0.0
2022/10/20/21:07:11.332587,414,1666325231,332412449,base_link,0.0,0.0,0.0,0.0,0.0,0.0
2022/10/20/21:07:11.352655,415,1666325231,352431479,base_link,0.0,0.0,0.0,0.0,0.0,0.0
2022/10/20/21:07:11.373487,416,1666325231,372417531,base_link,0.0,0.0,0.0,0.0,0.0,0.0
2022/10/20/21:07:11.392653,417,1666325231,392410818,base_link,0.0,0.0,0.0,0.0,0.0,0.0
2022/10/20/21:07:11.412657,418,1666325231,412413143,base_link,0.0,0.0,0.0,0.0,0.0,0.0
2022/10/20/21:07:11.432788,419,1666325231,432422886,base_link,0.0,0.0,0.0,0.0,0.0,0.0
2022/10/20/21:07:11.452655,420,1666325231,452414708,base_link,0.0,0.0,0.0,0.0,0.0,0.0
2022/10/20/21:07:11.472672,421,1666325231,472415508,base_link,0.0,0.0,0.0,0.0,0.0,0.0
2022/10/20/21:07:11.492692,422,1666325231,492412469,base_link,0.0,0.0,0.0,0.0,0.0,0.0
2022/10/20/21:07:11.512664,423,1666325231,512419427,base_link,0.0,0.0,0.0,0.0,0.0,0.0
2022/10/20/21:07:11.532994,424,1666325231,532683103,base_link,0.0,0.0,0.0,0.0,0.0,0.0
2022/10/20/21:07:11.552652,425,1666325231,552412854,base_link,0.0,0.0,0.0,0.0,0.0,0.0
2022/10/20/21:07:11.572639,426,1666325231,572414119,base_link,0.0,0.0,0.0,0.0,0.0,0.0
2022/10/20/21:07:11.592713,427,1666325231,592425230,base_link,0.0,0.0,0.0,0.0,0.0,0.0
2022/10/20/21:07:11.612627,428,1666325231,612411094,base_link,0.0,0.0,0.0,0.0,0.0,0.0
2022/10/20/21:07:11.632771,429,1666325231,632435721,base_link,0.0,0.0,0.0,0.0,0.0,0.0
2022/10/20/21:07:11.652664,430,1666325231,652414777,base_link,0.0,0.0,0.0,0.0,0.0,0.0
2022/10/20/21:07:11.673145,431,1666325231,672835828,base_link,0.0,0.0,0.0,0.0,0.0,0.0
2022/10/20/21:07:11.694679,432,1666325231,694371647,base_link,0.0,0.0,0.0,0.0,0.0,0.0
2022/10/20/21:07:11.712655,433,1666325231,712405791,base_link,0.0,0.0,0.0,0.0,0.0,0.0
2022/10/20/21:07:11.732648,434,1666325231,732416779,base_link,0.0,0.0,0.0,0.0,0.0,0.0
2022/10/20/21:07:11.752770,435,1666325231,752432467,base_link,0.0,0.0,0.0,0.0,0.0,0.0
2022/10/20/21:07:11.772669,436,1666325231,772414520,base_link,0.0,0.0,0.0,0.0,0.0,0.0
2022/10/20/21:07:11.792840,437,1666325231,792426118,base_link,0.0,0.0,0.0,0.0,0.0,0.0
2022/10/20/21:07:11.812614,438,1666325231,812412173,base_link,0.0,0.0,0.0,0.0,0.0,0.0
2022/10/20/21:07:11.832706,439,1666325231,832441762,base_link,0.0,0.0,0.0,0.0,0.0,0.0
2022/10/20/21:07:11.855227,440,1666325231,852427272,base_link,0.0,0.0,0.0,0.0,0.0,0.0
2022/10/20/21:07:11.872976,441,1666325231,872417409,base_link,0.0,0.0,0.0,0.0,0.0,0.0
2022/10/20/21:07:11.892988,442,1666325231,892670020,base_link,0.0,0.0,0.0,0.0,0.0,0.0
2022/10/20/21:07:11.912678,443,1666325231,912417508,base_link,0.0,0.0,0.0,0.0,0.0,0.0
2022/10/20/21:07:11.932605,444,1666325231,932416266,base_link,0.0,0.0,0.0,0.0,0.0,0.0
2022/10/20/21:07:11.952635,445,1666325231,952422936,base_link,0.0,0.0,0.0,0.0,0.0,0.0
2022/10/20/21:07:11.972787,446,1666325231,972424612,base_link,0.0,0.0,0.0,0.0,0.0,0.0
2022/10/20/21:07:11.992683,447,1666325231,992416820,base_link,0.0,0.0,0.0,0.0,0.0,0.0
2022/10/20/21:07:12.012609,448,1666325232,12412107,base_link,0.0,0.0,0.0,0.0,0.0,0.0
2022/10/20/21:07:12.032723,449,1666325232,32411865,base_link,0.0,0.0,0.0,0.0,0.0,0.0
2022/10/20/21:07:12.052761,450,1666325232,52423769,base_link,0.0,0.0,0.0,0.0,0.0,0.0
2022/10/20/21:07:12.072673,451,1666325232,72412754,base_link,0.0,0.0,0.0,0.0,0.0,0.0
2022/10/20/21:07:12.092780,452,1666325232,92416642,base_link,0.0,0.0,0.0,0.0,0.0,0.0
2022/10/20/21:07:12.112640,453,1666325232,112413310,base_link,0.0,0.0,0.0,0.0,0.0,0.0
2022/10/20/21:07:12.132701,454,1666325232,132410695,base_link,0.0,0.0,0.0,0.0,0.0,0.0
2022/10/20/21:07:12.152618,455,1666325232,152395411,base_link,0.0,0.0,0.0,0.0,0.0,0.0
2022/10/20/21:07:12.173944,456,1666325232,173560247,base_link,0.0,0.0,0.0,0.0,0.0,0.0
2022/10/20/21:07:12.192732,457,1666325232,192416544,base_link,0.0,0.0,0.0,0.0,0.0,0.0
2022/10/20/21:07:12.213036,458,1666325232,212424514,base_link,0.0,0.0,0.0,0.0,0.0,0.0
2022/10/20/21:07:12.232588,459,1666325232,232410739,base_link,0.0,0.0,0.0,0.0,0.0,0.0
2022/10/20/21:07:12.252594,460,1666325232,252420570,base_link,0.0,0.0,0.0,0.0,0.0,0.0
2022/10/20/21:07:12.272865,461,1666325232,272419514,base_link,0.0,0.0,0.0,0.0,0.0,0.0
2022/10/20/21:07:12.293276,462,1666325232,292420171,base_link,0.0,0.0,0.0,0.0,0.0,0.0
2022/10/20/21:07:12.312674,463,1666325232,312414495,base_link,0.0,0.0,0.0,0.0,0.0,0.0
2022/10/20/21:07:12.332772,464,1666325232,332420804,base_link,0.0,0.0,0.0,0.0,0.0,0.0
2022/10/20/21:07:12.352686,465,1666325232,352407234,base_link,0.0,0.0,0.0,0.0,0.0,0.0
2022/10/20/21:07:12.372748,466,1666325232,372414474,base_link,0.0,0.0,0.0,0.0,0.0,0.0
2022/10/20/21:07:12.392732,467,1666325232,392414309,base_link,0.0,0.0,0.0,0.0,0.0,0.0
2022/10/20/21:07:12.412707,468,1666325232,412413381,base_link,0.0,0.0,0.0,0.0,0.0,0.0
2022/10/20/21:07:12.432813,469,1666325232,432446654,base_link,0.0,0.0,0.0,0.0,0.0,0.0
2022/10/20/21:07:12.452798,470,1666325232,452422096,base_link,0.0,0.0,0.0,0.0,0.0,0.0
2022/10/20/21:07:12.473488,471,1666325232,472416596,base_link,0.0,0.0,0.0,0.0,0.0,0.0
2022/10/20/21:07:12.492686,472,1666325232,492416072,base_link,0.0,0.0,0.0,0.0,0.0,0.0
2022/10/20/21:07:12.512591,473,1666325232,512394222,base_link,0.0,0.0,0.0,0.0,0.0,0.0
2022/10/20/21:07:12.532851,474,1666325232,532485127,base_link,0.0,0.0,0.0,0.0,0.0,0.0
2022/10/20/21:07:12.552810,475,1666325232,552427121,base_link,0.0,0.0,0.0,0.0,0.0,0.0
2022/10/20/21:07:12.572593,476,1666325232,572371698,base_link,0.0,0.0,0.0,0.0,0.0,0.0
2022/10/20/21:07:12.593635,477,1666325232,592418149,base_link,0.0,0.0,0.0,0.0,0.0,0.0
2022/10/20/21:07:12.612639,478,1666325232,612418388,base_link,0.0,0.0,0.0,0.0,0.0,0.0
2022/10/20/21:07:12.632719,479,1666325232,632414206,base_link,0.0,0.0,0.0,0.0,0.0,0.0
2022/10/20/21:07:12.652962,480,1666325232,652415621,base_link,0.0,0.0,0.0,0.0,0.0,0.0
2022/10/20/21:07:12.672855,481,1666325232,672431366,base_link,0.0,0.0,0.0,0.0,0.0,0.0
2022/10/20/21:07:12.695613,482,1666325232,695216149,base_link,0.0,0.0,0.0,0.0,0.0,0.0
2022/10/20/21:07:12.712678,483,1666325232,712417486,base_link,0.0,0.0,0.0,0.0,0.0,0.0
2022/10/20/21:07:12.732773,484,1666325232,732420334,base_link,0.0,0.0,0.0,0.0,0.0,0.0
2022/10/20/21:07:12.752899,485,1666325232,752556958,base_link,0.0,0.0,0.0,0.0,0.0,0.0
2022/10/20/21:07:12.772696,486,1666325232,772420561,base_link,0.0,0.0,0.0,0.0,0.0,0.0
2022/10/20/21:07:12.792630,487,1666325232,792421990,base_link,0.0,0.0,0.0,0.0,0.0,0.0
2022/10/20/21:07:12.812694,488,1666325232,812417410,base_link,0.0,0.0,0.0,0.0,0.0,0.0
2022/10/20/21:07:12.832725,489,1666325232,832420055,base_link,0.0,0.0,0.0,0.0,0.0,0.0
2022/10/20/21:07:12.852694,490,1666325232,852419866,base_link,0.0,0.0,0.0,0.0,0.0,0.0
2022/10/20/21:07:12.872648,491,1666325232,872419318,base_link,0.0,0.0,0.0,0.0,0.0,0.0
2022/10/20/21:07:12.892595,492,1666325232,892412534,base_link,0.0,0.0,0.0,0.0,0.0,0.0
2022/10/20/21:07:12.913008,493,1666325232,912443792,base_link,0.0,0.0,0.0,0.0,0.0,0.0
2022/10/20/21:07:12.932645,494,1666325232,932419617,base_link,0.0,0.0,0.0,0.0,0.0,0.0
2022/10/20/21:07:12.952902,495,1666325232,952417392,base_link,0.0,0.0,0.0,0.0,0.0,0.0
2022/10/20/21:07:12.972667,496,1666325232,972412317,base_link,0.0,0.0,0.0,0.0,0.0,0.0
2022/10/20/21:07:12.993654,497,1666325232,992416745,base_link,0.0,0.0,0.0,0.0,0.0,0.0
2022/10/20/21:07:13.016076,498,1666325233,12449053,base_link,0.0,0.0,0.0,0.0,0.0,0.0
2022/10/20/21:07:13.032632,499,1666325233,32416851,base_link,0.0,0.0,0.0,0.0,0.0,0.0
2022/10/20/21:07:13.052667,500,1666325233,52415602,base_link,0.0,0.0,0.0,0.0,0.0,0.0
2022/10/20/21:07:13.072703,501,1666325233,72417101,base_link,0.0,0.0,0.0,0.0,0.0,0.0
2022/10/20/21:07:13.092983,502,1666325233,92425625,base_link,0.0,0.0,0.0,0.0,0.0,0.0
2022/10/20/21:07:13.114103,503,1666325233,112417359,base_link,0.0,0.0,0.0,0.0,0.0,0.0
2022/10/20/21:07:13.132593,504,1666325233,132415306,base_link,0.0,0.0,0.0,0.0,0.0,0.0
2022/10/20/21:07:13.152618,505,1666325233,152410633,base_link,0.0,0.0,0.0,0.0,0.0,0.0
2022/10/20/21:07:13.172661,506,1666325233,172419646,base_link,0.0,0.0,0.0,0.0,0.0,0.0
2022/10/20/21:07:13.192727,507,1666325233,192412420,base_link,0.0,0.0,0.0,0.0,0.0,0.0
2022/10/20/21:07:13.212642,508,1666325233,212416419,base_link,0.0,0.0,0.0,0.0,0.0,0.0
2022/10/20/21:07:13.233050,509,1666325233,232469548,base_link,0.0,0.0,0.0,0.0,0.0,0.0
2022/10/20/21:07:13.252783,510,1666325233,252415264,base_link,0.0,0.0,0.0,0.0,0.0,0.0
2022/10/20/21:07:13.272844,511,1666325233,272418368,base_link,0.0,0.0,0.0,0.0,0.0,0.0
2022/10/20/21:07:13.294480,512,1666325233,292419415,base_link,0.0,0.0,0.0,0.0,0.0,0.0
2022/10/20/21:07:13.312699,513,1666325233,312415136,base_link,0.0,0.0,0.0,0.0,0.0,0.0
2022/10/20/21:07:13.333104,514,1666325233,332415210,base_link,0.0,0.0,0.0,0.0,0.0,0.0
2022/10/20/21:07:13.352735,515,1666325233,352427018,base_link,0.0,0.0,0.0,0.0,0.0,0.0
2022/10/20/21:07:13.372653,516,1666325233,372414198,base_link,0.0,0.0,0.0,0.0,0.0,0.0
2022/10/20/21:07:13.393277,517,1666325233,392938117,base_link,0.0,0.0,0.0,0.0,0.0,0.0
2022/10/20/21:07:13.412643,518,1666325233,412414936,base_link,0.0,0.0,0.0,0.0,0.0,0.0
2022/10/20/21:07:13.432673,519,1666325233,432416765,base_link,0.0,0.0,0.0,0.0,0.0,0.0
2022/10/20/21:07:13.452695,520,1666325233,452408118,base_link,0.0,0.0,0.0,0.0,0.0,0.0
2022/10/20/21:07:13.472979,521,1666325233,472419800,base_link,0.0,0.0,0.0,0.0,0.0,0.0
2022/10/20/21:07:13.492995,522,1666325233,492782620,base_link,0.0,0.0,0.0,0.0,0.0,0.0
2022/10/20/21:07:13.512596,523,1666325233,512382277,base_link,0.0,0.0,0.0,0.0,0.0,0.0
2022/10/20/21:07:13.532620,524,1666325233,532409342,base_link,0.0,0.0,0.0,0.0,0.0,0.0
2022/10/20/21:07:13.553026,525,1666325233,552425607,base_link,0.0,0.0,0.0,0.0,0.0,0.0
2022/10/20/21:07:13.572620,526,1666325233,572407073,base_link,0.0,0.0,0.0,0.0,0.0,0.0
2022/10/20/21:07:13.592745,527,1666325233,592377730,base_link,0.0,0.0,0.0,0.0,0.0,0.0
2022/10/20/21:07:13.612617,528,1666325233,612414085,base_link,0.0,0.0,0.0,0.0,0.0,0.0
2022/10/20/21:07:13.632641,529,1666325233,632410765,base_link,0.0,0.0,0.0,0.0,0.0,0.0
2022/10/20/21:07:13.652709,530,1666325233,652423909,base_link,0.0,0.0,0.0,0.0,0.0,0.0
2022/10/20/21:07:13.672708,531,1666325233,672410054,base_link,0.0,0.0,0.0,0.0,0.0,0.0
2022/10/20/21:07:13.692731,532,1666325233,692430818,base_link,0.0,0.0,0.0,0.0,0.0,0.0
2022/10/20/21:07:13.713011,533,1666325233,712612014,base_link,0.0,0.0,0.0,0.0,0.0,0.0
2022/10/20/21:07:13.732628,534,1666325233,732414930,base_link,0.0,0.0,0.0,0.0,0.0,0.0
2022/10/20/21:07:13.752772,535,1666325233,752414669,base_link,0.0,0.0,0.0,0.0,0.0,0.0
2022/10/20/21:07:13.772691,536,1666325233,772417862,base_link,0.0,0.0,0.0,0.0,0.0,0.0
2022/10/20/21:07:13.792600,537,1666325233,792410475,base_link,0.0,0.0,0.0,0.0,0.0,0.0
2022/10/20/21:07:13.812734,538,1666325233,812418975,base_link,0.0,0.0,0.0,0.0,0.0,0.0
2022/10/20/21:07:13.832606,539,1666325233,832415274,base_link,0.0,0.0,0.0,0.0,0.0,0.0
2022/10/20/21:07:13.852697,540,1666325233,852415016,base_link,0.0,0.0,0.0,0.0,0.0,0.0
2022/10/20/21:07:13.872808,541,1666325233,872443317,base_link,0.0,0.0,0.0,0.0,0.0,0.0
2022/10/20/21:07:13.892640,542,1666325233,892414413,base_link,0.0,0.0,0.0,0.0,0.0,0.0
2022/10/20/21:07:13.912625,543,1666325233,912417215,base_link,0.0,0.0,0.0,0.0,0.0,0.0
2022/10/20/21:07:13.933127,544,1666325233,932920129,base_link,0.0,0.0,0.0,0.0,0.0,0.0
2022/10/20/21:07:13.952607,545,1666325233,952420940,base_link,0.0,0.0,0.0,0.0,0.0,0.0
2022/10/20/21:07:13.972822,546,1666325233,972415457,base_link,0.0,0.0,0.0,0.0,0.0,0.0
2022/10/20/21:07:13.992621,547,1666325233,992411031,base_link,0.0,0.0,0.0,0.0,0.0,0.0
2022/10/20/21:07:14.012592,548,1666325234,12411458,base_link,0.0,0.0,0.0,0.0,0.0,0.0
2022/10/20/21:07:14.032645,549,1666325234,32413549,base_link,0.0,0.0,0.0,0.0,0.0,0.0
2022/10/20/21:07:14.052607,550,1666325234,52413965,base_link,0.0,0.0,0.0,0.0,0.0,0.0
2022/10/20/21:07:14.072779,551,1666325234,72414747,base_link,0.0,0.0,0.0,0.0,0.0,0.0
2022/10/20/21:07:14.093740,552,1666325234,92416182,base_link,0.0,0.0,0.0,0.0,0.0,0.0
2022/10/20/21:07:14.112637,553,1666325234,112421364,base_link,0.0,0.0,0.0,0.0,0.0,0.0
2022/10/20/21:07:14.132793,554,1666325234,132419254,base_link,0.0,0.0,0.0,0.0,0.0,0.0
2022/10/20/21:07:14.152738,555,1666325234,152422746,base_link,0.0,0.0,0.0,0.0,0.0,0.0
2022/10/20/21:07:14.174300,556,1666325234,172416000,base_link,0.0,0.0,0.0,0.0,0.0,0.0
2022/10/20/21:07:14.195586,557,1666325234,192592982,base_link,0.0,0.0,0.0,0.0,0.0,0.0
2022/10/20/21:07:14.212785,558,1666325234,212441315,base_link,0.0,0.0,0.0,0.0,0.0,0.0
2022/10/20/21:07:14.232718,559,1666325234,232414131,base_link,0.0,0.0,0.0,0.0,0.0,0.0
2022/10/20/21:07:14.252779,560,1666325234,252417110,base_link,0.0,0.0,0.0,0.0,0.0,0.0
2022/10/20/21:07:14.272692,561,1666325234,272425165,base_link,0.0,0.0,0.0,0.0,0.0,0.0
2022/10/20/21:07:14.293872,562,1666325234,293569008,base_link,0.0,0.0,0.0,0.0,0.0,0.0
2022/10/20/21:07:14.312622,563,1666325234,312417626,base_link,0.0,0.0,0.0,0.0,0.0,0.0
2022/10/20/21:07:14.332758,564,1666325234,332414603,base_link,0.0,0.0,0.0,0.0,0.0,0.0
2022/10/20/21:07:14.352682,565,1666325234,352413675,base_link,0.0,0.0,0.0,0.0,0.0,0.0
2022/10/20/21:07:14.372599,566,1666325234,372413509,base_link,0.0,0.0,0.0,0.0,0.0,0.0
2022/10/20/21:07:14.392748,567,1666325234,392425743,base_link,0.0,0.0,0.0,0.0,0.0,0.0
2022/10/20/21:07:14.412673,568,1666325234,412409986,base_link,0.0,0.0,0.0,0.0,0.0,0.0
2022/10/20/21:07:14.432684,569,1666325234,432419569,base_link,0.0,0.0,0.0,0.0,0.0,0.0
2022/10/20/21:07:14.452798,570,1666325234,452421477,base_link,0.0,0.0,0.0,0.0,0.0,0.0
2022/10/20/21:07:14.472894,571,1666325234,472444058,base_link,0.0,0.0,0.0,0.0,0.0,0.0
2022/10/20/21:07:14.494856,572,1666325234,492442572,base_link,0.0,0.0,0.0,0.0,0.0,0.0
2022/10/20/21:07:14.512710,573,1666325234,512418506,base_link,0.0,0.0,0.0,0.0,0.0,0.0
2022/10/20/21:07:14.532693,574,1666325234,532423642,base_link,0.0,0.0,0.0,0.0,0.0,0.0
2022/10/20/21:07:14.552728,575,1666325234,552416988,base_link,0.0,0.0,0.0,0.0,0.0,0.0
2022/10/20/21:07:14.572720,576,1666325234,572442637,base_link,0.0,0.0,0.0,0.0,0.0,0.0
2022/10/20/21:07:14.592671,577,1666325234,592419783,base_link,0.0,0.0,0.0,0.0,0.0,0.0
2022/10/20/21:07:14.613068,578,1666325234,612445257,base_link,0.0,0.0,0.0,0.0,0.0,0.0
2022/10/20/21:07:14.633095,579,1666325234,632873398,base_link,0.0,0.0,0.0,0.0,0.0,0.0
2022/10/20/21:07:14.653951,580,1666325234,652380473,base_link,0.0,0.0,0.0,0.0,0.0,0.0
2022/10/20/21:07:14.676011,581,1666325234,675296237,base_link,0.0,0.0,0.0,0.0,0.0,0.0
2022/10/20/21:07:14.692781,582,1666325234,692422145,base_link,0.0,0.0,0.0,0.0,0.0,0.0
2022/10/20/21:07:14.712670,583,1666325234,712411290,base_link,0.0,0.0,0.0,0.0,0.0,0.0
2022/10/20/21:07:14.732669,584,1666325234,732419490,base_link,0.0,0.0,0.0,0.0,0.0,0.0
2022/10/20/21:07:14.752658,585,1666325234,752414214,base_link,0.0,0.0,0.0,0.0,0.0,0.0
2022/10/20/21:07:14.772879,586,1666325234,772452821,base_link,0.0,0.0,0.0,0.0,0.0,0.0
2022/10/20/21:07:14.792852,587,1666325234,792450822,base_link,0.0,0.0,0.0,0.0,0.0,0.0
2022/10/20/21:07:14.812818,588,1666325234,812420564,base_link,0.0,0.0,0.0,0.0,0.0,0.0
2022/10/20/21:07:14.833727,589,1666325234,832431356,base_link,0.0,0.0,0.0,0.0,0.0,0.0
2022/10/20/21:07:14.852664,590,1666325234,852396606,base_link,0.0,0.0,0.0,0.0,0.0,0.0
2022/10/20/21:07:14.872729,591,1666325234,872416276,base_link,0.0,0.0,0.0,0.0,0.0,0.0
2022/10/20/21:07:14.893904,592,1666325234,893646100,base_link,0.0,0.0,0.0,0.0,0.0,0.0
2022/10/20/21:07:14.912757,593,1666325234,912435596,base_link,0.0,0.0,0.0,0.0,0.0,0.0
2022/10/20/21:07:14.932590,594,1666325234,932414536,base_link,0.0,0.0,0.0,0.0,0.0,0.0
2022/10/20/21:07:14.952690,595,1666325234,952419294,base_link,0.0,0.0,0.0,0.0,0.0,0.0
2022/10/20/21:07:14.972645,596,1666325234,972416673,base_link,0.0,0.0,0.0,0.0,0.0,0.0
2022/10/20/21:07:14.993269,597,1666325234,992446960,base_link,0.0,0.0,0.0,0.0,0.0,0.0
2022/10/20/21:07:15.013283,598,1666325235,13038440,base_link,0.0,0.0,0.0,0.0,0.0,0.0
2022/10/20/21:07:15.032689,599,1666325235,32418820,base_link,0.0,0.0,0.0,0.0,0.0,0.0
2022/10/20/21:07:15.052682,600,1666325235,52416780,base_link,0.0,0.0,0.0,0.0,0.0,0.0
2022/10/20/21:07:15.072711,601,1666325235,72422771,base_link,0.0,0.0,0.0,0.0,0.0,0.0
2022/10/20/21:07:15.092684,602,1666325235,92414240,base_link,0.0,0.0,0.0,0.0,0.0,0.0
2022/10/20/21:07:15.114282,603,1666325235,112413086,base_link,0.0,0.0,0.0,0.0,0.0,0.0
2022/10/20/21:07:15.132668,604,1666325235,132418520,base_link,0.0,0.0,0.0,0.0,0.0,0.0
2022/10/20/21:07:15.153945,605,1666325235,152422230,base_link,0.0,0.0,0.0,0.0,0.0,0.0
2022/10/20/21:07:15.173107,606,1666325235,172440937,base_link,0.0,0.0,0.0,0.0,0.0,0.0
2022/10/20/21:07:15.192774,607,1666325235,192423408,base_link,0.0,0.0,0.0,0.0,0.0,0.0
2022/10/20/21:07:15.212836,608,1666325235,212417576,base_link,0.0,0.0,0.0,0.0,0.0,0.0
2022/10/20/21:07:15.232614,609,1666325235,232407311,base_link,0.0,0.0,0.0,0.0,0.0,0.0
2022/10/20/21:07:15.252727,610,1666325235,252416404,base_link,0.0,0.0,0.0,0.0,0.0,0.0
2022/10/20/21:07:15.272649,611,1666325235,272376244,base_link,0.0,0.0,0.0,0.0,0.0,0.0
2022/10/20/21:07:15.292631,612,1666325235,292416611,base_link,0.0,0.0,0.0,0.0,0.0,0.0
2022/10/20/21:07:15.312783,613,1666325235,312420896,base_link,0.0,0.0,0.0,0.0,0.0,0.0
2022/10/20/21:07:15.333191,614,1666325235,332968409,base_link,0.0,0.0,0.0,0.0,0.0,0.0
2022/10/20/21:07:15.352723,615,1666325235,352428273,base_link,0.0,0.0,0.0,0.0,0.0,0.0
2022/10/20/21:07:15.372828,616,1666325235,372427563,base_link,0.0,0.0,0.0,0.0,0.0,0.0
2022/10/20/21:07:15.392640,617,1666325235,392413822,base_link,0.0,0.0,0.0,0.0,0.0,0.0
2022/10/20/21:07:15.414586,618,1666325235,414316215,base_link,0.0,0.0,0.0,0.0,0.0,0.0
2022/10/20/21:07:15.432706,619,1666325235,432426313,base_link,0.0,0.0,0.0,0.0,0.0,0.0
2022/10/20/21:07:15.452658,620,1666325235,452413930,base_link,0.0,0.0,0.0,0.0,0.0,0.0
2022/10/20/21:07:15.472848,621,1666325235,472510610,base_link,0.0,0.0,0.0,0.0,0.0,0.0
2022/10/20/21:07:15.492593,622,1666325235,492406749,base_link,0.0,0.0,0.0,0.0,0.0,0.0
2022/10/20/21:07:15.512660,623,1666325235,512416032,base_link,0.0,0.0,0.0,0.0,0.0,0.0
2022/10/20/21:07:15.532637,624,1666325235,532426331,base_link,0.0,0.0,0.0,0.0,0.0,0.0
2022/10/20/21:07:15.552970,625,1666325235,552413934,base_link,0.0,0.0,0.0,0.0,0.0,0.0
2022/10/20/21:07:15.572762,626,1666325235,572458608,base_link,0.0,0.0,0.0,0.0,0.0,0.0
2022/10/20/21:07:15.592648,627,1666325235,592413409,base_link,0.0,0.0,0.0,0.0,0.0,0.0
2022/10/20/21:07:15.612698,628,1666325235,612420067,base_link,0.0,0.0,0.0,0.0,0.0,0.0
2022/10/20/21:07:15.633015,629,1666325235,632481649,base_link,0.0,0.0,0.0,0.0,0.0,0.0
2022/10/20/21:07:15.652715,630,1666325235,652388477,base_link,0.0,0.0,0.0,0.0,0.0,0.0
2022/10/20/21:07:15.673062,631,1666325235,672432607,base_link,0.0,0.0,0.0,0.0,0.0,0.0
2022/10/20/21:07:15.692761,632,1666325235,692418247,base_link,0.0,0.0,0.0,0.0,0.0,0.0
2022/10/20/21:07:15.712664,633,1666325235,712418087,base_link,0.0,0.0,0.0,0.0,0.0,0.0
2022/10/20/21:07:15.732836,634,1666325235,732419119,base_link,0.0,0.0,0.0,0.0,0.0,0.0
2022/10/20/21:07:15.752706,635,1666325235,752410201,base_link,0.0,0.0,0.0,0.0,0.0,0.0
2022/10/20/21:07:15.772747,636,1666325235,772414076,base_link,0.0,0.0,0.0,0.0,0.0,0.0
2022/10/20/21:07:15.793553,637,1666325235,793270553,base_link,0.0,0.0,0.0,0.0,0.0,0.0
2022/10/20/21:07:15.812700,638,1666325235,812418327,base_link,0.0,0.0,0.0,0.0,0.0,0.0
2022/10/20/21:07:15.832636,639,1666325235,832413164,base_link,0.0,0.0,0.0,0.0,0.0,0.0
2022/10/20/21:07:15.852689,640,1666325235,852386183,base_link,0.0,0.0,0.0,0.0,0.0,0.0
2022/10/20/21:07:15.872640,641,1666325235,872412946,base_link,0.0,0.0,0.0,0.0,0.0,0.0
2022/10/20/21:07:15.892753,642,1666325235,892431325,base_link,0.0,0.0,0.0,0.0,0.0,0.0
2022/10/20/21:07:15.912637,643,1666325235,912413631,base_link,0.0,0.0,0.0,0.0,0.0,0.0
2022/10/20/21:07:15.932826,644,1666325235,932431935,base_link,0.0,0.0,0.0,0.0,0.0,0.0
2022/10/20/21:07:15.959308,645,1666325235,952433364,base_link,0.0,0.0,0.0,0.0,0.0,0.0
2022/10/20/21:07:15.972679,646,1666325235,972416586,base_link,0.0,0.0,0.0,0.0,0.0,0.0
2022/10/20/21:07:15.992655,647,1666325235,992423451,base_link,0.0,0.0,0.0,0.0,0.0,0.0
2022/10/20/21:07:16.012701,648,1666325236,12416502,base_link,0.0,0.0,0.0,0.0,0.0,0.0
2022/10/20/21:07:16.032764,649,1666325236,32428842,base_link,0.0,0.0,0.0,0.0,0.0,0.0
2022/10/20/21:07:16.052655,650,1666325236,52413930,base_link,0.0,0.0,0.0,0.0,0.0,0.0
2022/10/20/21:07:16.072623,651,1666325236,72415007,base_link,0.0,0.0,0.0,0.0,0.0,0.0
2022/10/20/21:07:16.092744,652,1666325236,92431895,base_link,0.0,0.0,0.0,0.0,0.0,0.0
2022/10/20/21:07:16.112822,653,1666325236,112428438,base_link,0.0,0.0,0.0,0.0,0.0,0.0
2022/10/20/21:07:16.132739,654,1666325236,132449459,base_link,0.0,0.0,0.0,0.0,0.0,0.0
2022/10/20/21:07:16.152641,655,1666325236,152417966,base_link,0.0,0.0,0.0,0.0,0.0,0.0
2022/10/20/21:07:16.172669,656,1666325236,172410395,base_link,0.0,0.0,0.0,0.0,0.0,0.0
2022/10/20/21:07:16.192692,657,1666325236,192424764,base_link,0.0,0.0,0.0,0.0,0.0,0.0
2022/10/20/21:07:16.213049,658,1666325236,212466128,base_link,0.0,0.0,0.0,0.0,0.0,0.0
2022/10/20/21:07:16.232766,659,1666325236,232415014,base_link,0.0,0.0,0.0,0.0,0.0,0.0
2022/10/20/21:07:16.252650,660,1666325236,252412387,base_link,0.0,0.0,0.0,0.0,0.0,0.0
2022/10/20/21:07:16.272660,661,1666325236,272424508,base_link,0.0,0.0,0.0,0.0,0.0,0.0
2022/10/20/21:07:16.292585,662,1666325236,292416048,base_link,0.0,0.0,0.0,0.0,0.0,0.0
2022/10/20/21:07:16.312664,663,1666325236,312413225,base_link,0.0,0.0,0.0,0.0,0.0,0.0
2022/10/20/21:07:16.332748,664,1666325236,332486300,base_link,0.0,0.0,0.0,0.0,0.0,0.0
2022/10/20/21:07:16.352679,665,1666325236,352416534,base_link,0.0,0.0,0.0,0.0,0.0,0.0
2022/10/20/21:07:16.372755,666,1666325236,372421495,base_link,0.0,0.0,0.0,0.0,0.0,0.0
2022/10/20/21:07:16.392642,667,1666325236,392415947,base_link,0.0,0.0,0.0,0.0,0.0,0.0
2022/10/20/21:07:16.412747,668,1666325236,412416378,base_link,0.0,0.0,0.0,0.0,0.0,0.0
2022/10/20/21:07:16.432787,669,1666325236,432423434,base_link,0.0,0.0,0.0,0.0,0.0,0.0
2022/10/20/21:07:16.453005,670,1666325236,452668297,base_link,0.0,0.0,0.0,0.0,0.0,0.0
2022/10/20/21:07:16.473021,671,1666325236,472795621,base_link,0.0,0.0,0.0,0.0,0.0,0.0
2022/10/20/21:07:16.492723,672,1666325236,492400956,base_link,0.0,0.0,0.0,0.0,0.0,0.0
2022/10/20/21:07:16.512724,673,1666325236,512413090,base_link,0.0,0.0,0.0,0.0,0.0,0.0
2022/10/20/21:07:16.532716,674,1666325236,532422394,base_link,0.0,0.0,0.0,0.0,0.0,0.0
2022/10/20/21:07:16.552728,675,1666325236,552411558,base_link,0.0,0.0,0.0,0.0,0.0,0.0
2022/10/20/21:07:16.572977,676,1666325236,572415425,base_link,0.0,0.0,0.0,0.0,0.0,0.0
2022/10/20/21:07:16.592783,677,1666325236,592419159,base_link,0.0,0.0,0.0,0.0,0.0,0.0
2022/10/20/21:07:16.612789,678,1666325236,612412712,base_link,0.0,0.0,0.0,0.0,0.0,0.0
2022/10/20/21:07:16.632879,679,1666325236,632413859,base_link,0.0,0.0,0.0,0.0,0.0,0.0
2022/10/20/21:07:16.652633,680,1666325236,652418454,base_link,0.0,0.0,0.0,0.0,0.0,0.0
2022/10/20/21:07:16.672709,681,1666325236,672414225,base_link,0.0,0.0,0.0,0.0,0.0,0.0
2022/10/20/21:07:16.692794,682,1666325236,692427692,base_link,0.0,0.0,0.0,0.0,0.0,0.0
2022/10/20/21:07:16.712588,683,1666325236,712412144,base_link,0.0,0.0,0.0,0.0,0.0,0.0
2022/10/20/21:07:16.732752,684,1666325236,732416587,base_link,0.0,0.0,0.0,0.0,0.0,0.0
2022/10/20/21:07:16.756949,685,1666325236,752434678,base_link,0.0,0.0,0.0,0.0,0.0,0.0
2022/10/20/21:07:16.772629,686,1666325236,772414248,base_link,0.0,0.0,0.0,0.0,0.0,0.0
2022/10/20/21:07:16.792736,687,1666325236,792422017,base_link,0.0,0.0,0.0,0.0,0.0,0.0
2022/10/20/21:07:16.812800,688,1666325236,812424089,base_link,0.0,0.0,0.0,0.0,0.0,0.0
2022/10/20/21:07:16.832644,689,1666325236,832423435,base_link,0.0,0.0,0.0,0.0,0.0,0.0
2022/10/20/21:07:16.852676,690,1666325236,852419734,base_link,0.0,0.0,0.0,0.0,0.0,0.0
2022/10/20/21:07:16.872699,691,1666325236,872412760,base_link,0.0,0.0,0.0,0.0,0.0,0.0
2022/10/20/21:07:16.892733,692,1666325236,892418091,base_link,0.0,0.0,0.0,0.0,0.0,0.0
2022/10/20/21:07:16.914747,693,1666325236,914373033,base_link,0.0,0.0,0.0,0.0,0.0,0.0
2022/10/20/21:07:16.932613,694,1666325236,932412237,base_link,0.0,0.0,0.0,0.0,0.0,0.0
2022/10/20/21:07:16.952764,695,1666325236,952418335,base_link,0.0,0.0,0.0,0.0,0.0,0.0
2022/10/20/21:07:16.972767,696,1666325236,972416726,base_link,0.0,0.0,0.0,0.0,0.0,0.0
2022/10/20/21:07:16.992734,697,1666325236,992431451,base_link,0.0,0.0,0.0,0.0,0.0,0.0
2022/10/20/21:07:17.012609,698,1666325237,12411515,base_link,0.0,0.0,0.0,0.0,0.0,0.0
2022/10/20/21:07:17.032809,699,1666325237,32527782,base_link,0.0,0.0,0.0,0.0,0.0,0.0
2022/10/20/21:07:17.052615,700,1666325237,52408132,base_link,0.0,0.0,0.0,0.0,0.0,0.0
2022/10/20/21:07:17.075150,701,1666325237,74887368,base_link,0.0,0.0,0.0,0.0,0.0,0.0
2022/10/20/21:07:17.092685,702,1666325237,92412503,base_link,0.0,0.0,0.0,0.0,0.0,0.0
2022/10/20/21:07:17.112710,703,1666325237,112427035,base_link,0.0,0.0,0.0,0.0,0.0,0.0
2022/10/20/21:07:17.133202,704,1666325237,132429355,base_link,0.0,0.0,0.0,0.0,0.0,0.0
2022/10/20/21:07:17.152661,705,1666325237,152415597,base_link,0.0,0.0,0.0,0.0,0.0,0.0
2022/10/20/21:07:17.174379,706,1666325237,174129962,base_link,0.0,0.0,0.0,0.0,0.0,0.0
2022/10/20/21:07:17.193758,707,1666325237,193326153,base_link,0.0,0.0,0.0,0.0,0.0,0.0
2022/10/20/21:07:17.212645,708,1666325237,212411083,base_link,0.0,0.0,0.0,0.0,0.0,0.0
2022/10/20/21:07:17.232863,709,1666325237,232445888,base_link,0.0,0.0,0.0,0.0,0.0,0.0
2022/10/20/21:07:17.254380,710,1666325237,252415114,base_link,0.0,0.0,0.0,0.0,0.0,0.0
2022/10/20/21:07:17.272812,711,1666325237,272419645,base_link,0.0,0.0,0.0,0.0,0.0,0.0
2022/10/20/21:07:17.292667,712,1666325237,292413724,base_link,0.0,0.0,0.0,0.0,0.0,0.0
2022/10/20/21:07:17.313840,713,1666325237,312801211,base_link,0.0,0.0,0.0,0.0,0.0,0.0
2022/10/20/21:07:17.332658,714,1666325237,332414386,base_link,0.0,0.0,0.0,0.0,0.0,0.0
2022/10/20/21:07:17.352679,715,1666325237,352413039,base_link,0.0,0.0,0.0,0.0,0.0,0.0
2022/10/20/21:07:17.372863,716,1666325237,372427945,base_link,0.0,0.0,0.0,0.0,0.0,0.0
2022/10/20/21:07:17.392746,717,1666325237,392409601,base_link,0.0,0.0,0.0,0.0,0.0,0.0
2022/10/20/21:07:17.412968,718,1666325237,412604733,base_link,0.0,0.0,0.0,0.0,0.0,0.0
2022/10/20/21:07:17.432771,719,1666325237,432420167,base_link,0.0,0.0,0.0,0.0,0.0,0.0
2022/10/20/21:07:17.452692,720,1666325237,452412193,base_link,0.0,0.0,0.0,0.0,0.0,0.0
2022/10/20/21:07:17.472675,721,1666325237,472410218,base_link,0.0,0.0,0.0,0.0,0.0,0.0
2022/10/20/21:07:17.492648,722,1666325237,492415017,base_link,0.0,0.0,0.0,0.0,0.0,0.0
2022/10/20/21:07:17.512833,723,1666325237,512439322,base_link,0.0,0.0,0.0,0.0,0.0,0.0
2022/10/20/21:07:17.532805,724,1666325237,532418412,base_link,0.0,0.0,0.0,0.0,0.0,0.0
2022/10/20/21:07:17.552759,725,1666325237,552416196,base_link,0.0,0.0,0.0,0.0,0.0,0.0
2022/10/20/21:07:17.572656,726,1666325237,572419348,base_link,0.0,0.0,0.0,0.0,0.0,0.0
2022/10/20/21:07:17.592760,727,1666325237,592425985,base_link,0.0,0.0,0.0,0.0,0.0,0.0
2022/10/20/21:07:17.613093,728,1666325237,612741515,base_link,0.0,0.0,0.0,0.0,0.0,0.0
2022/10/20/21:07:17.632710,729,1666325237,632421160,base_link,0.0,0.0,0.0,0.0,0.0,0.0
2022/10/20/21:07:17.654398,730,1666325237,652428236,base_link,0.0,0.0,0.0,0.0,0.0,0.0
2022/10/20/21:07:17.672675,731,1666325237,672416084,base_link,0.0,0.0,0.0,0.0,0.0,0.0
2022/10/20/21:07:17.692638,732,1666325237,692374001,base_link,0.0,0.0,0.0,0.0,0.0,0.0
2022/10/20/21:07:17.712792,733,1666325237,712413270,base_link,0.0,0.0,0.0,0.0,0.0,0.0
2022/10/20/21:07:17.732764,734,1666325237,732424231,base_link,0.0,0.0,0.0,0.0,0.0,0.0
2022/10/20/21:07:17.752716,735,1666325237,752419042,base_link,0.0,0.0,0.0,0.0,0.0,0.0
2022/10/20/21:07:17.773469,736,1666325237,772415329,base_link,0.0,0.0,0.0,0.0,0.0,0.0
2022/10/20/21:07:17.792660,737,1666325237,792412430,base_link,0.0,0.0,0.0,0.0,0.0,0.0
2022/10/20/21:07:17.812647,738,1666325237,812414543,base_link,0.0,0.0,0.0,0.0,0.0,0.0
2022/10/20/21:07:17.832706,739,1666325237,832413566,base_link,0.0,0.0,0.0,0.0,0.0,0.0
2022/10/20/21:07:17.855730,740,1666325237,852453329,base_link,0.0,0.0,0.0,0.0,0.0,0.0
2022/10/20/21:07:17.872745,741,1666325237,872404851,base_link,0.0,0.0,0.0,0.0,0.0,0.0
2022/10/20/21:07:17.892620,742,1666325237,892402229,base_link,0.0,0.0,0.0,0.0,0.0,0.0
2022/10/20/21:07:17.912667,743,1666325237,912410987,base_link,0.0,0.0,0.0,0.0,0.0,0.0
2022/10/20/21:07:17.932679,744,1666325237,932424139,base_link,0.0,0.0,0.0,0.0,0.0,0.0
2022/10/20/21:07:17.952687,745,1666325237,952414786,base_link,0.0,0.0,0.0,0.0,0.0,0.0
2022/10/20/21:07:17.972635,746,1666325237,972406804,base_link,0.0,0.0,0.0,0.0,0.0,0.0
2022/10/20/21:07:17.992683,747,1666325237,992422534,base_link,0.0,0.0,0.0,0.0,0.0,0.0
2022/10/20/21:07:18.012648,748,1666325238,12414786,base_link,0.0,0.0,0.0,0.0,0.0,0.0
2022/10/20/21:07:18.032673,749,1666325238,32385070,base_link,0.0,0.0,0.0,0.0,0.0,0.0
2022/10/20/21:07:18.052690,750,1666325238,52413792,base_link,0.0,0.0,0.0,0.0,0.0,0.0
2022/10/20/21:07:18.072691,751,1666325238,72412194,base_link,0.0,0.0,0.0,0.0,0.0,0.0
2022/10/20/21:07:18.092703,752,1666325238,92419850,base_link,0.0,0.0,0.0,0.0,0.0,0.0
2022/10/20/21:07:18.112734,753,1666325238,112412339,base_link,0.0,0.0,0.0,0.0,0.0,0.0
2022/10/20/21:07:18.132661,754,1666325238,132420665,base_link,0.0,0.0,0.0,0.0,0.0,0.0
2022/10/20/21:07:18.152691,755,1666325238,152413944,base_link,0.0,0.0,0.0,0.0,0.0,0.0
2022/10/20/21:07:18.172739,756,1666325238,172418846,base_link,0.0,0.0,0.0,0.0,0.0,0.0
2022/10/20/21:07:18.193231,757,1666325238,192956902,base_link,0.0,0.0,0.0,0.0,0.0,0.0
2022/10/20/21:07:18.212735,758,1666325238,212427413,base_link,0.0,0.0,0.0,0.0,0.0,0.0
2022/10/20/21:07:18.232597,759,1666325238,232410548,base_link,0.0,0.0,0.0,0.0,0.0,0.0
2022/10/20/21:07:18.253231,760,1666325238,252895743,base_link,0.0,0.0,0.0,0.0,0.0,0.0
2022/10/20/21:07:18.272785,761,1666325238,272424738,base_link,0.0,0.0,0.0,0.0,0.0,0.0
2022/10/20/21:07:18.292653,762,1666325238,292411326,base_link,0.0,0.0,0.0,0.0,0.0,0.0
2022/10/20/21:07:18.312589,763,1666325238,312411901,base_link,0.0,0.0,0.0,0.0,0.0,0.0
2022/10/20/21:07:18.335578,764,1666325238,332422628,base_link,0.0,0.0,0.0,0.0,0.0,0.0
2022/10/20/21:07:18.352811,765,1666325238,352419092,base_link,0.0,0.0,0.0,0.0,0.0,0.0
2022/10/20/21:07:18.372754,766,1666325238,372420771,base_link,0.0,0.0,0.0,0.0,0.0,0.0
2022/10/20/21:07:18.392630,767,1666325238,392417458,base_link,0.0,0.0,0.0,0.0,0.0,0.0
2022/10/20/21:07:18.412688,768,1666325238,412410913,base_link,0.0,0.0,0.0,0.0,0.0,0.0
2022/10/20/21:07:18.433291,769,1666325238,432413852,base_link,0.0,0.0,0.0,0.0,0.0,0.0
2022/10/20/21:07:18.452853,770,1666325238,452428246,base_link,0.0,0.0,0.0,0.0,0.0,0.0
2022/10/20/21:07:18.473973,771,1666325238,472411862,base_link,0.0,0.0,0.0,0.0,0.0,0.0
2022/10/20/21:07:18.494128,772,1666325238,492413540,base_link,0.0,0.0,0.0,0.0,0.0,0.0
2022/10/20/21:07:18.515901,773,1666325238,512420607,base_link,0.0,0.0,0.0,0.0,0.0,0.0
2022/10/20/21:07:18.532652,774,1666325238,532381799,base_link,0.0,0.0,0.0,0.0,0.0,0.0
2022/10/20/21:07:18.552700,775,1666325238,552422276,base_link,0.0,0.0,0.0,0.0,0.0,0.0
2022/10/20/21:07:18.572704,776,1666325238,572414522,base_link,0.0,0.0,0.0,0.0,0.0,0.0
2022/10/20/21:07:18.592578,777,1666325238,592405536,base_link,0.0,0.0,0.0,0.0,0.0,0.0
2022/10/20/21:07:18.612752,778,1666325238,612426236,base_link,0.0,0.0,0.0,0.0,0.0,0.0
2022/10/20/21:07:18.632629,779,1666325238,632411624,base_link,0.0,0.0,0.0,0.0,0.0,0.0
2022/10/20/21:07:18.652684,780,1666325238,652421449,base_link,0.0,0.0,0.0,0.0,0.0,0.0
2022/10/20/21:07:18.672831,781,1666325238,672416855,base_link,0.0,0.0,0.0,0.0,0.0,0.0
2022/10/20/21:07:18.692642,782,1666325238,692426014,base_link,0.0,0.0,0.0,0.0,0.0,0.0
2022/10/20/21:07:18.712984,783,1666325238,712440539,base_link,0.0,0.0,0.0,0.0,0.0,0.0
2022/10/20/21:07:18.732838,784,1666325238,732427429,base_link,0.0,0.0,0.0,0.0,0.0,0.0
2022/10/20/21:07:18.752699,785,1666325238,752418347,base_link,0.0,0.0,0.0,0.0,0.0,0.0
2022/10/20/21:07:18.772780,786,1666325238,772423308,base_link,0.0,0.0,0.0,0.0,0.0,0.0
2022/10/20/21:07:18.792594,787,1666325238,792434325,base_link,0.0,0.0,0.0,0.0,0.0,0.0
2022/10/20/21:07:18.812648,788,1666325238,812417266,base_link,0.0,0.0,0.0,0.0,0.0,0.0
2022/10/20/21:07:18.832786,789,1666325238,832424152,base_link,0.0,0.0,0.0,0.0,0.0,0.0
2022/10/20/21:07:18.852603,790,1666325238,852415777,base_link,0.0,0.0,0.0,0.0,0.0,0.0
2022/10/20/21:07:18.872651,791,1666325238,872411371,base_link,0.0,0.0,0.0,0.0,0.0,0.0
2022/10/20/21:07:18.892609,792,1666325238,892413581,base_link,0.0,0.0,0.0,0.0,0.0,0.0
2022/10/20/21:07:18.912691,793,1666325238,912412028,base_link,0.0,0.0,0.0,0.0,0.0,0.0
2022/10/20/21:07:18.932856,794,1666325238,932440180,base_link,0.0,0.0,0.0,0.0,0.0,0.0
2022/10/20/21:07:18.952688,795,1666325238,952417004,base_link,0.0,0.0,0.0,0.0,0.0,0.0
2022/10/20/21:07:18.972719,796,1666325238,972413217,base_link,0.0,0.0,0.0,0.0,0.0,0.0
2022/10/20/21:07:18.992740,797,1666325238,992422411,base_link,0.0,0.0,0.0,0.0,0.0,0.0
2022/10/20/21:07:19.012686,798,1666325239,12420178,base_link,0.0,0.0,0.0,0.0,0.0,0.0
2022/10/20/21:07:19.032580,799,1666325239,32411129,base_link,0.0,0.0,0.0,0.0,0.0,0.0
2022/10/20/21:07:19.052679,800,1666325239,52415575,base_link,0.0,0.0,0.0,0.0,0.0,0.0
2022/10/20/21:07:19.072644,801,1666325239,72414824,base_link,0.0,0.0,0.0,0.0,0.0,0.0
2022/10/20/21:07:19.092849,802,1666325239,92439715,base_link,0.0,0.0,0.0,0.0,0.0,0.0
2022/10/20/21:07:19.114703,803,1666325239,112416727,base_link,0.0,0.0,0.0,0.0,0.0,0.0
2022/10/20/21:07:19.132659,804,1666325239,132411747,base_link,0.0,0.0,0.0,0.0,0.0,0.0
2022/10/20/21:07:19.152656,805,1666325239,152417018,base_link,0.0,0.0,0.0,0.0,0.0,0.0
2022/10/20/21:07:19.172664,806,1666325239,172408351,base_link,0.0,0.0,0.0,0.0,0.0,0.0
2022/10/20/21:07:19.192993,807,1666325239,192438572,base_link,0.0,0.0,0.0,0.0,0.0,0.0
2022/10/20/21:07:19.215519,808,1666325239,213221664,base_link,0.0,0.0,0.0,0.0,0.0,0.0
2022/10/20/21:07:19.232619,809,1666325239,232413127,base_link,0.0,0.0,0.0,0.0,0.0,0.0
2022/10/20/21:07:19.252768,810,1666325239,252418642,base_link,0.0,0.0,0.0,0.0,0.0,0.0
2022/10/20/21:07:19.272676,811,1666325239,272414744,base_link,0.0,0.0,0.0,0.0,0.0,0.0
2022/10/20/21:07:19.292664,812,1666325239,292439054,base_link,0.0,0.0,0.0,0.0,0.0,0.0
2022/10/20/21:07:19.312656,813,1666325239,312433018,base_link,0.0,0.0,0.0,0.0,0.0,0.0
2022/10/20/21:07:19.332618,814,1666325239,332415104,base_link,0.0,0.0,0.0,0.0,0.0,0.0
2022/10/20/21:07:19.352792,815,1666325239,352424024,base_link,0.0,0.0,0.0,0.0,0.0,0.0
2022/10/20/21:07:19.372585,816,1666325239,372409203,base_link,0.0,0.0,0.0,0.0,0.0,0.0
2022/10/20/21:07:19.393306,817,1666325239,393006576,base_link,0.0,0.0,0.0,0.0,0.0,0.0
2022/10/20/21:07:19.412657,818,1666325239,412416274,base_link,0.0,0.0,0.0,0.0,0.0,0.0
2022/10/20/21:07:19.432623,819,1666325239,432416618,base_link,0.0,0.0,0.0,0.0,0.0,0.0
2022/10/20/21:07:19.452730,820,1666325239,452417628,base_link,0.0,0.0,0.0,0.0,0.0,0.0
2022/10/20/21:07:19.472726,821,1666325239,472415813,base_link,0.0,0.0,0.0,0.0,0.0,0.0
2022/10/20/21:07:19.492758,822,1666325239,492420645,base_link,0.0,0.0,0.0,0.0,0.0,0.0
2022/10/20/21:07:19.512687,823,1666325239,512412986,base_link,0.0,0.0,0.0,0.0,0.0,0.0
2022/10/20/21:07:19.533371,824,1666325239,532419335,base_link,0.0,0.0,0.0,0.0,0.0,0.0
2022/10/20/21:07:19.552589,825,1666325239,552409676,base_link,0.0,0.0,0.0,0.0,0.0,0.0
2022/10/20/21:07:19.572793,826,1666325239,572416814,base_link,0.0,0.0,0.0,0.0,0.0,0.0
2022/10/20/21:07:19.592637,827,1666325239,592418887,base_link,0.0,0.0,0.0,0.0,0.0,0.0
2022/10/20/21:07:19.612657,828,1666325239,612415918,base_link,0.0,0.0,0.0,0.0,0.0,0.0
2022/10/20/21:07:19.633113,829,1666325239,632443034,base_link,0.0,0.0,0.0,0.0,0.0,0.0
2022/10/20/21:07:19.652762,830,1666325239,652421444,base_link,0.0,0.0,0.0,0.0,0.0,0.0
2022/10/20/21:07:19.672584,831,1666325239,672415291,base_link,0.0,0.0,0.0,0.0,0.0,0.0
2022/10/20/21:07:19.692711,832,1666325239,692408204,base_link,0.0,0.0,0.0,0.0,0.0,0.0
2022/10/20/21:07:19.716044,833,1666325239,715697568,base_link,0.0,0.0,0.0,0.0,0.0,0.0
2022/10/20/21:07:19.733105,834,1666325239,732432793,base_link,0.0,0.0,0.0,0.0,0.0,0.0
2022/10/20/21:07:19.752724,835,1666325239,752422496,base_link,0.0,0.0,0.0,0.0,0.0,0.0
2022/10/20/21:07:19.772703,836,1666325239,772443486,base_link,0.0,0.0,0.0,0.0,0.0,0.0
2022/10/20/21:07:19.792771,837,1666325239,792429843,base_link,0.0,0.0,0.0,0.0,0.0,0.0
2022/10/20/21:07:19.815849,838,1666325239,815692321,base_link,0.0,0.0,0.0,0.0,0.0,0.0
2022/10/20/21:07:19.832653,839,1666325239,832414357,base_link,0.0,0.0,0.0,0.0,0.0,0.0
2022/10/20/21:07:19.852618,840,1666325239,852417121,base_link,0.0,0.0,0.0,0.0,0.0,0.0
2022/10/20/21:07:19.872556,841,1666325239,872410349,base_link,0.0,0.0,0.0,0.0,0.0,0.0
2022/10/20/21:07:19.892518,842,1666325239,892377037,base_link,0.0,0.0,0.0,0.0,0.0,0.0
2022/10/20/21:07:19.912675,843,1666325239,912415364,base_link,0.0,0.0,0.0,0.0,0.0,0.0
2022/10/20/21:07:19.932621,844,1666325239,932409631,base_link,0.0,0.0,0.0,0.0,0.0,0.0
2022/10/20/21:07:19.952771,845,1666325239,952416189,base_link,0.0,0.0,0.0,0.0,0.0,0.0
2022/10/20/21:07:19.972640,846,1666325239,972415795,base_link,0.0,0.0,0.0,0.0,0.0,0.0
2022/10/20/21:07:19.992856,847,1666325239,992421702,base_link,0.0,0.0,0.0,0.0,0.0,0.0
2022/10/20/21:07:20.012709,848,1666325240,12432814,base_link,0.0,0.0,0.0,0.0,0.0,0.0
2022/10/20/21:07:20.032727,849,1666325240,32416312,base_link,0.0,0.0,0.0,0.0,0.0,0.0
2022/10/20/21:07:20.052817,850,1666325240,52420933,base_link,0.0,0.0,0.0,0.0,0.0,0.0
2022/10/20/21:07:20.072707,851,1666325240,72422952,base_link,0.0,0.0,0.0,0.0,0.0,0.0
2022/10/20/21:07:20.092670,852,1666325240,92404680,base_link,0.0,0.0,0.0,0.0,0.0,0.0
2022/10/20/21:07:20.114503,853,1666325240,112447988,base_link,0.0,0.0,0.0,0.0,0.0,0.0
2022/10/20/21:07:20.132982,854,1666325240,132505442,base_link,0.0,0.0,0.0,0.0,0.0,0.0
2022/10/20/21:07:20.152658,855,1666325240,152419888,base_link,0.0,0.0,0.0,0.0,0.0,0.0
2022/10/20/21:07:20.172623,856,1666325240,172406867,base_link,0.0,0.0,0.0,0.0,0.0,0.0
2022/10/20/21:07:20.192710,857,1666325240,192419927,base_link,0.0,0.0,0.0,0.0,0.0,0.0
2022/10/20/21:07:20.212739,858,1666325240,212428187,base_link,0.0,0.0,0.0,0.0,0.0,0.0
2022/10/20/21:07:20.233080,859,1666325240,232411442,base_link,0.0,0.0,0.0,0.0,0.0,0.0
2022/10/20/21:07:20.252753,860,1666325240,252423453,base_link,0.0,0.0,0.0,0.0,0.0,0.0
2022/10/20/21:07:20.274618,861,1666325240,274325664,base_link,0.0,0.0,0.0,0.0,0.0,0.0
2022/10/20/21:07:20.292611,862,1666325240,292411299,base_link,0.0,0.0,0.0,0.0,0.0,0.0
2022/10/20/21:07:20.312596,863,1666325240,312405358,base_link,0.0,0.0,0.0,0.0,0.0,0.0
2022/10/20/21:07:20.332887,864,1666325240,332424798,base_link,0.0,0.0,0.0,0.0,0.0,0.0
2022/10/20/21:07:20.352618,865,1666325240,352418617,base_link,0.0,0.0,0.0,0.0,0.0,0.0
2022/10/20/21:07:20.372847,866,1666325240,372428561,base_link,0.0,0.0,0.0,0.0,0.0,0.0
2022/10/20/21:07:20.392767,867,1666325240,392504186,base_link,0.0,0.0,0.0,0.0,0.0,0.0
2022/10/20/21:07:20.412776,868,1666325240,412419242,base_link,0.0,0.0,0.0,0.0,0.0,0.0
2022/10/20/21:07:20.432769,869,1666325240,432443947,base_link,0.0,0.0,0.0,0.0,0.0,0.0
2022/10/20/21:07:20.452601,870,1666325240,452416165,base_link,0.0,0.0,0.0,0.0,0.0,0.0
2022/10/20/21:07:20.472660,871,1666325240,472439020,base_link,0.0,0.0,0.0,0.0,0.0,0.0
2022/10/20/21:07:20.493222,872,1666325240,492468639,base_link,0.0,0.0,0.0,0.0,0.0,0.0
2022/10/20/21:07:20.512689,873,1666325240,512420686,base_link,0.0,0.0,0.0,0.0,0.0,0.0
2022/10/20/21:07:20.532616,874,1666325240,532414716,base_link,0.0,0.0,0.0,0.0,0.0,0.0
2022/10/20/21:07:20.552691,875,1666325240,552414564,base_link,0.0,0.0,0.0,0.0,0.0,0.0
2022/10/20/21:07:20.572699,876,1666325240,572417918,base_link,0.0,0.0,0.0,0.0,0.0,0.0
2022/10/20/21:07:20.593369,877,1666325240,592413558,base_link,0.0,0.0,0.0,0.0,0.0,0.0
2022/10/20/21:07:20.612740,878,1666325240,612424638,base_link,0.0,0.0,0.0,0.0,0.0,0.0
2022/10/20/21:07:20.632787,879,1666325240,632443923,base_link,0.0,0.0,0.0,0.0,0.0,0.0
2022/10/20/21:07:20.652641,880,1666325240,652413676,base_link,0.0,0.0,0.0,0.0,0.0,0.0
2022/10/20/21:07:20.672650,881,1666325240,672412482,base_link,0.0,0.0,0.0,0.0,0.0,0.0
2022/10/20/21:07:20.692764,882,1666325240,692435840,base_link,0.0,0.0,0.0,0.0,0.0,0.0
2022/10/20/21:07:20.712864,883,1666325240,712428405,base_link,0.0,0.0,0.0,0.0,0.0,0.0
2022/10/20/21:07:20.734886,884,1666325240,734563208,base_link,0.0,0.0,0.0,0.0,0.0,0.0
2022/10/20/21:07:20.753098,885,1666325240,752453036,base_link,0.0,0.0,0.0,0.0,0.0,0.0
2022/10/20/21:07:20.772682,886,1666325240,772414345,base_link,0.0,0.0,0.0,0.0,0.0,0.0
2022/10/20/21:07:20.792657,887,1666325240,792412012,base_link,0.0,0.0,0.0,0.0,0.0,0.0
2022/10/20/21:07:20.812687,888,1666325240,812458983,base_link,0.0,0.0,0.0,0.0,0.0,0.0
2022/10/20/21:07:20.832662,889,1666325240,832413718,base_link,0.0,0.0,0.0,0.0,0.0,0.0
2022/10/20/21:07:20.852627,890,1666325240,852413296,base_link,0.0,0.0,0.0,0.0,0.0,0.0
2022/10/20/21:07:20.872658,891,1666325240,872412426,base_link,0.0,0.0,0.0,0.0,0.0,0.0
2022/10/20/21:07:20.892666,892,1666325240,892412367,base_link,0.0,0.0,0.0,0.0,0.0,0.0
2022/10/20/21:07:20.912665,893,1666325240,912423819,base_link,0.0,0.0,0.0,0.0,0.0,0.0
2022/10/20/21:07:20.932675,894,1666325240,932413087,base_link,0.0,0.0,0.0,0.0,0.0,0.0
2022/10/20/21:07:20.953940,895,1666325240,953621523,base_link,0.0,0.0,0.0,0.0,0.0,0.0
2022/10/20/21:07:20.972622,896,1666325240,972416332,base_link,0.0,0.0,0.0,0.0,0.0,0.0
2022/10/20/21:07:20.992584,897,1666325240,992412584,base_link,0.0,0.0,0.0,0.0,0.0,0.0
2022/10/20/21:07:21.012695,898,1666325241,12419473,base_link,0.0,0.0,0.0,0.0,0.0,0.0
2022/10/20/21:07:21.032722,899,1666325241,32434911,base_link,0.0,0.0,0.0,0.0,0.0,0.0
2022/10/20/21:07:21.055882,900,1666325241,52420126,base_link,0.0,0.0,0.0,0.0,0.0,0.0
2022/10/20/21:07:21.072729,901,1666325241,72438887,base_link,0.0,0.0,0.0,0.0,0.0,0.0
2022/10/20/21:07:21.092645,902,1666325241,92383077,base_link,0.0,0.0,0.0,0.0,0.0,0.0
2022/10/20/21:07:21.112730,903,1666325241,112435226,base_link,0.0,0.0,0.0,0.0,0.0,0.0
2022/10/20/21:07:21.132671,904,1666325241,132421156,base_link,0.0,0.0,0.0,0.0,0.0,0.0
2022/10/20/21:07:21.152704,905,1666325241,152436290,base_link,0.0,0.0,0.0,0.0,0.0,0.0
2022/10/20/21:07:21.172834,906,1666325241,172418575,base_link,0.0,0.0,0.0,0.0,0.0,0.0
2022/10/20/21:07:21.192697,907,1666325241,192383861,base_link,0.0,0.0,0.0,0.0,0.0,0.0
2022/10/20/21:07:21.212605,908,1666325241,212416320,base_link,0.0,0.0,0.0,0.0,0.0,0.0
2022/10/20/21:07:21.232961,909,1666325241,232440300,base_link,0.0,0.0,0.0,0.0,0.0,0.0
2022/10/20/21:07:21.252660,910,1666325241,252415620,base_link,0.0,0.0,0.0,0.0,0.0,0.0
2022/10/20/21:07:21.272588,911,1666325241,272413246,base_link,0.0,0.0,0.0,0.0,0.0,0.0
2022/10/20/21:07:21.292904,912,1666325241,292428636,base_link,0.0,0.0,0.0,0.0,0.0,0.0
2022/10/20/21:07:21.312677,913,1666325241,312422571,base_link,0.0,0.0,0.0,0.0,0.0,0.0
2022/10/20/21:07:21.333884,914,1666325241,332430681,base_link,0.0,0.0,0.0,0.0,0.0,0.0
2022/10/20/21:07:21.352633,915,1666325241,352410267,base_link,0.0,0.0,0.0,0.0,0.0,0.0
2022/10/20/21:07:21.372805,916,1666325241,372436675,base_link,0.0,0.0,0.0,0.0,0.0,0.0
2022/10/20/21:07:21.397518,917,1666325241,395725069,base_link,0.0,0.0,0.0,0.0,0.0,0.0
2022/10/20/21:07:21.412889,918,1666325241,412668182,base_link,0.0,0.0,0.0,0.0,0.0,0.0
2022/10/20/21:07:21.432602,919,1666325241,432417685,base_link,0.0,0.0,0.0,0.0,0.0,0.0
2022/10/20/21:07:21.452664,920,1666325241,452415639,base_link,0.0,0.0,0.0,0.0,0.0,0.0
2022/10/20/21:07:21.472606,921,1666325241,472407317,base_link,0.0,0.0,0.0,0.0,0.0,0.0
2022/10/20/21:07:21.492819,922,1666325241,492422252,base_link,0.0,0.0,0.0,0.0,0.0,0.0
2022/10/20/21:07:21.512669,923,1666325241,512414932,base_link,0.0,0.0,0.0,0.0,0.0,0.0
2022/10/20/21:07:21.532650,924,1666325241,532414555,base_link,0.0,0.0,0.0,0.0,0.0,0.0
2022/10/20/21:07:21.552711,925,1666325241,552425884,base_link,0.0,0.0,0.0,0.0,0.0,0.0
2022/10/20/21:07:21.572577,926,1666325241,572405476,base_link,0.0,0.0,0.0,0.0,0.0,0.0
2022/10/20/21:07:21.592922,927,1666325241,592537584,base_link,0.0,0.0,0.0,0.0,0.0,0.0
2022/10/20/21:07:21.612717,928,1666325241,612422423,base_link,0.0,0.0,0.0,0.0,0.0,0.0
2022/10/20/21:07:21.632628,929,1666325241,632415711,base_link,0.0,0.0,0.0,0.0,0.0,0.0
2022/10/20/21:07:21.652818,930,1666325241,652417861,base_link,0.0,0.0,0.0,0.0,0.0,0.0
2022/10/20/21:07:21.672732,931,1666325241,672454899,base_link,0.0,0.0,0.0,0.0,0.0,0.0
2022/10/20/21:07:21.692934,932,1666325241,692563557,base_link,0.0,0.0,0.0,0.0,0.0,0.0
2022/10/20/21:07:21.712755,933,1666325241,712415238,base_link,0.0,0.0,0.0,0.0,0.0,0.0
2022/10/20/21:07:21.732835,934,1666325241,732441987,base_link,0.0,0.0,0.0,0.0,0.0,0.0
2022/10/20/21:07:21.752768,935,1666325241,752422876,base_link,0.0,0.0,0.0,0.0,0.0,0.0
2022/10/20/21:07:21.772606,936,1666325241,772412262,base_link,0.0,0.0,0.0,0.0,0.0,0.0
2022/10/20/21:07:21.792699,937,1666325241,792423112,base_link,0.0,0.0,0.0,0.0,0.0,0.0
2022/10/20/21:07:21.812723,938,1666325241,812424745,base_link,0.0,0.0,0.0,0.0,0.0,0.0
2022/10/20/21:07:21.834004,939,1666325241,832423666,base_link,0.0,0.0,0.0,0.0,0.0,0.0
2022/10/20/21:07:21.852664,940,1666325241,852419290,base_link,0.0,0.0,0.0,0.0,0.0,0.0
2022/10/20/21:07:21.873178,941,1666325241,872910740,base_link,0.0,0.0,0.0,0.0,0.0,0.0
2022/10/20/21:07:21.892727,942,1666325241,892446075,base_link,0.0,0.0,0.0,0.0,0.0,0.0
2022/10/20/21:07:21.912786,943,1666325241,912422416,base_link,0.0,0.0,0.0,0.0,0.0,0.0
2022/10/20/21:07:21.932619,944,1666325241,932417634,base_link,0.0,0.0,0.0,0.0,0.0,0.0
2022/10/20/21:07:21.952579,945,1666325241,952411508,base_link,0.0,0.0,0.0,0.0,0.0,0.0
2022/10/20/21:07:21.975425,946,1666325241,972443659,base_link,0.0,0.0,0.0,0.0,0.0,0.0
2022/10/20/21:07:21.992760,947,1666325241,992545935,base_link,0.0,0.0,0.0,0.0,0.0,0.0
2022/10/20/21:07:22.013759,948,1666325242,13501480,base_link,0.0,0.0,0.0,0.0,0.0,0.0
2022/10/20/21:07:22.033303,949,1666325242,32427976,base_link,0.0,0.0,0.0,0.0,0.0,0.0
2022/10/20/21:07:22.053304,950,1666325242,52537602,base_link,0.0,0.0,0.0,0.0,0.0,0.0
2022/10/20/21:07:22.072779,951,1666325242,72497465,base_link,0.0,0.0,0.0,0.0,0.0,0.0
2022/10/20/21:07:22.092577,952,1666325242,92417025,base_link,0.0,0.0,0.0,0.0,0.0,0.0
2022/10/20/21:07:22.112647,953,1666325242,112416346,base_link,0.0,0.0,0.0,0.0,0.0,0.0
2022/10/20/21:07:22.134126,954,1666325242,132418962,base_link,0.0,0.0,0.0,0.0,0.0,0.0
2022/10/20/21:07:22.152689,955,1666325242,152418801,base_link,0.0,0.0,0.0,0.0,0.0,0.0
2022/10/20/21:07:22.172756,956,1666325242,172418341,base_link,0.0,0.0,0.0,0.0,0.0,0.0
2022/10/20/21:07:22.193318,957,1666325242,192414782,base_link,0.0,0.0,0.0,0.0,0.0,0.0
2022/10/20/21:07:22.212860,958,1666325242,212431736,base_link,0.0,0.0,0.0,0.0,0.0,0.0
2022/10/20/21:07:22.232667,959,1666325242,232412811,base_link,0.0,0.0,0.0,0.0,0.0,0.0
2022/10/20/21:07:22.252670,960,1666325242,252412764,base_link,0.0,0.0,0.0,0.0,0.0,0.0
2022/10/20/21:07:22.272693,961,1666325242,272412385,base_link,0.0,0.0,0.0,0.0,0.0,0.0
2022/10/20/21:07:22.292638,962,1666325242,292413816,base_link,0.0,0.0,0.0,0.0,0.0,0.0
2022/10/20/21:07:22.312627,963,1666325242,312416641,base_link,0.0,0.0,0.0,0.0,0.0,0.0
2022/10/20/21:07:22.332698,964,1666325242,332413976,base_link,0.0,0.0,0.0,0.0,0.0,0.0
2022/10/20/21:07:22.354067,965,1666325242,352759490,base_link,0.0,0.0,0.0,0.0,0.0,0.0
2022/10/20/21:07:22.376036,966,1666325242,375789219,base_link,0.0,0.0,0.0,0.0,0.0,0.0
2022/10/20/21:07:22.392870,967,1666325242,392414683,base_link,0.0,0.0,0.0,0.0,0.0,0.0
2022/10/20/21:07:22.412667,968,1666325242,412416463,base_link,0.0,0.0,0.0,0.0,0.0,0.0
2022/10/20/21:07:22.432648,969,1666325242,432413747,base_link,0.0,0.0,0.0,0.0,0.0,0.0
2022/10/20/21:07:22.452648,970,1666325242,452411920,base_link,0.0,0.0,0.0,0.0,0.0,0.0
2022/10/20/21:07:22.472622,971,1666325242,472416465,base_link,0.0,0.0,0.0,0.0,0.0,0.0
2022/10/20/21:07:22.492747,972,1666325242,492421440,base_link,0.0,0.0,0.0,0.0,0.0,0.0
2022/10/20/21:07:22.512800,973,1666325242,512424782,base_link,0.0,0.0,0.0,0.0,0.0,0.0
2022/10/20/21:07:22.532656,974,1666325242,532381329,base_link,0.0,0.0,0.0,0.0,0.0,0.0
2022/10/20/21:07:22.552831,975,1666325242,552428729,base_link,0.0,0.0,0.0,0.0,0.0,0.0
2022/10/20/21:07:22.572709,976,1666325242,572424809,base_link,0.0,0.0,0.0,0.0,0.0,0.0
2022/10/20/21:07:22.592701,977,1666325242,592428781,base_link,0.0,0.0,0.0,0.0,0.0,0.0
2022/10/20/21:07:22.612761,978,1666325242,612412396,base_link,0.0,0.0,0.0,0.0,0.0,0.0
2022/10/20/21:07:22.634745,979,1666325242,634318059,base_link,0.0,0.0,0.0,0.0,0.0,0.0
2022/10/20/21:07:22.652623,980,1666325242,652417491,base_link,0.0,0.0,0.0,0.0,0.0,0.0
2022/10/20/21:07:22.672770,981,1666325242,672418403,base_link,0.0,0.0,0.0,0.0,0.0,0.0
2022/10/20/21:07:22.692774,982,1666325242,692444536,base_link,0.0,0.0,0.0,0.0,0.0,0.0
2022/10/20/21:07:22.712608,983,1666325242,712414674,base_link,0.0,0.0,0.0,0.0,0.0,0.0
2022/10/20/21:07:22.732697,984,1666325242,732446236,base_link,0.0,0.0,0.0,0.0,0.0,0.0
2022/10/20/21:07:22.752652,985,1666325242,752417162,base_link,0.0,0.0,0.0,0.0,0.0,0.0
2022/10/20/21:07:22.772611,986,1666325242,772413972,base_link,0.0,0.0,0.0,0.0,0.0,0.0
2022/10/20/21:07:22.794040,987,1666325242,792421764,base_link,0.0,0.0,0.0,0.0,0.0,0.0
2022/10/20/21:07:22.812657,988,1666325242,812412756,base_link,0.0,0.0,0.0,0.0,0.0,0.0
2022/10/20/21:07:22.833398,989,1666325242,832460508,base_link,0.0,0.0,0.0,0.0,0.0,0.0
2022/10/20/21:07:22.852662,990,1666325242,852414601,base_link,0.0,0.0,0.0,0.0,0.0,0.0
2022/10/20/21:07:22.872608,991,1666325242,872413500,base_link,0.0,0.0,0.0,0.0,0.0,0.0
2022/10/20/21:07:22.893738,992,1666325242,892419730,base_link,0.0,0.0,0.0,0.0,0.0,0.0
2022/10/20/21:07:22.912669,993,1666325242,912431733,base_link,0.0,0.0,0.0,0.0,0.0,0.0
2022/10/20/21:07:22.932578,994,1666325242,932410321,base_link,0.0,0.0,0.0,0.0,0.0,0.0
2022/10/20/21:07:22.952645,995,1666325242,952407443,base_link,0.0,0.0,0.0,0.0,0.0,0.0
2022/10/20/21:07:22.972695,996,1666325242,972522319,base_link,0.0,0.0,0.0,0.0,0.0,0.0
2022/10/20/21:07:22.993834,997,1666325242,993494061,base_link,0.0,0.0,0.0,0.0,0.0,0.0
2022/10/20/21:07:23.012644,998,1666325243,12419834,base_link,0.0,0.0,0.0,0.0,0.0,0.0
2022/10/20/21:07:23.032601,999,1666325243,32416274,base_link,0.0,0.0,0.0,0.0,0.0,0.0
2022/10/20/21:07:23.053515,1000,1666325243,52419004,base_link,0.0,0.0,0.0,0.0,0.0,0.0
2022/10/20/21:07:23.072638,1001,1666325243,72415371,base_link,0.0,0.0,0.0,0.0,0.0,0.0
2022/10/20/21:07:23.092951,1002,1666325243,92432076,base_link,0.0,0.0,0.0,0.0,0.0,0.0
2022/10/20/21:07:23.112669,1003,1666325243,112411570,base_link,0.0,0.0,0.0,0.0,0.0,0.0
2022/10/20/21:07:23.132641,1004,1666325243,132420079,base_link,0.0,0.0,0.0,0.0,0.0,0.0
2022/10/20/21:07:23.152612,1005,1666325243,152417280,base_link,0.0,0.0,0.0,0.0,0.0,0.0
2022/10/20/21:07:23.172760,1006,1666325243,172418826,base_link,0.0,0.0,0.0,0.0,0.0,0.0
2022/10/20/21:07:23.192703,1007,1666325243,192423390,base_link,0.0,0.0,0.0,0.0,0.0,0.0
2022/10/20/21:07:23.212601,1008,1666325243,212412430,base_link,0.0,0.0,0.0,0.0,0.0,0.0
2022/10/20/21:07:23.232641,1009,1666325243,232421556,base_link,0.0,0.0,0.0,0.0,0.0,0.0
2022/10/20/21:07:23.252811,1010,1666325243,252440883,base_link,0.0,0.0,0.0,0.0,0.0,0.0
2022/10/20/21:07:23.272788,1011,1666325243,272429010,base_link,0.0,0.0,0.0,0.0,0.0,0.0
2022/10/20/21:07:23.292653,1012,1666325243,292414042,base_link,0.0,0.0,0.0,0.0,0.0,0.0
2022/10/20/21:07:23.312699,1013,1666325243,312378777,base_link,0.0,0.0,0.0,0.0,0.0,0.0
2022/10/20/21:07:23.332702,1014,1666325243,332417311,base_link,0.0,0.0,0.0,0.0,0.0,0.0
2022/10/20/21:07:23.352709,1015,1666325243,352428291,base_link,0.0,0.0,0.0,0.0,0.0,0.0
2022/10/20/21:07:23.372718,1016,1666325243,372414819,base_link,0.0,0.0,0.0,0.0,0.0,0.0
2022/10/20/21:07:23.392697,1017,1666325243,392417806,base_link,0.0,0.0,0.0,0.0,0.0,0.0
2022/10/20/21:07:23.412680,1018,1666325243,412417957,base_link,0.0,0.0,0.0,0.0,0.0,0.0
2022/10/20/21:07:23.432752,1019,1666325243,432424343,base_link,0.0,0.0,0.0,0.0,0.0,0.0
2022/10/20/21:07:23.452824,1020,1666325243,452483198,base_link,0.0,0.0,0.0,0.0,0.0,0.0
2022/10/20/21:07:23.472820,1021,1666325243,472437986,base_link,0.0,0.0,0.0,0.0,0.0,0.0
2022/10/20/21:07:23.493477,1022,1666325243,492467683,base_link,0.0,0.0,0.0,0.0,0.0,0.0
2022/10/20/21:07:23.514888,1023,1666325243,512417061,base_link,0.0,0.0,0.0,0.0,0.0,0.0
2022/10/20/21:07:23.532625,1024,1666325243,532412823,base_link,0.0,0.0,0.0,0.0,0.0,0.0
2022/10/20/21:07:23.552645,1025,1666325243,552415759,base_link,0.0,0.0,0.0,0.0,0.0,0.0
2022/10/20/21:07:23.572674,1026,1666325243,572417204,base_link,0.0,0.0,0.0,0.0,0.0,0.0
2022/10/20/21:07:23.592852,1027,1666325243,592438681,base_link,0.0,0.0,0.0,0.0,0.0,0.0
2022/10/20/21:07:23.615978,1028,1666325243,615697860,base_link,0.0,0.0,0.0,0.0,0.0,0.0
2022/10/20/21:07:23.632653,1029,1666325243,632413996,base_link,0.0,0.0,0.0,0.0,0.0,0.0
2022/10/20/21:07:23.652668,1030,1666325243,652421048,base_link,0.0,0.0,0.0,0.0,0.0,0.0
2022/10/20/21:07:23.672649,1031,1666325243,672415877,base_link,0.0,0.0,0.0,0.0,0.0,0.0
2022/10/20/21:07:23.692769,1032,1666325243,692427147,base_link,0.0,0.0,0.0,0.0,0.0,0.0
2022/10/20/21:07:23.712605,1033,1666325243,712415672,base_link,0.0,0.0,0.0,0.0,0.0,0.0
2022/10/20/21:07:23.732802,1034,1666325243,732418712,base_link,0.0,0.0,0.0,0.0,0.0,0.0
2022/10/20/21:07:23.752683,1035,1666325243,752420502,base_link,0.0,0.0,0.0,0.0,0.0,0.0
2022/10/20/21:07:23.772670,1036,1666325243,772416811,base_link,0.0,0.0,0.0,0.0,0.0,0.0
2022/10/20/21:07:23.794793,1037,1666325243,792705350,base_link,0.0,0.0,0.0,0.0,0.0,0.0
2022/10/20/21:07:23.812581,1038,1666325243,812415583,base_link,0.0,0.0,0.0,0.0,0.0,0.0
2022/10/20/21:07:23.832700,1039,1666325243,832429985,base_link,0.0,0.0,0.0,0.0,0.0,0.0
2022/10/20/21:07:23.854619,1040,1666325243,852752051,base_link,0.0,0.0,0.0,0.0,0.0,0.0
2022/10/20/21:07:23.872645,1041,1666325243,872415922,base_link,0.0,0.0,0.0,0.0,0.0,0.0
2022/10/20/21:07:23.892829,1042,1666325243,892429161,base_link,0.0,0.0,0.0,0.0,0.0,0.0
2022/10/20/21:07:23.912600,1043,1666325243,912419877,base_link,0.0,0.0,0.0,0.0,0.0,0.0
2022/10/20/21:07:23.932670,1044,1666325243,932428447,base_link,0.0,0.0,0.0,0.0,0.0,0.0
2022/10/20/21:07:23.952668,1045,1666325243,952417064,base_link,0.0,0.0,0.0,0.0,0.0,0.0
2022/10/20/21:07:23.972650,1046,1666325243,972419633,base_link,0.0,0.0,0.0,0.0,0.0,0.0
2022/10/20/21:07:23.992667,1047,1666325243,992417332,base_link,0.0,0.0,0.0,0.0,0.0,0.0
2022/10/20/21:07:24.012821,1048,1666325244,12420322,base_link,0.0,0.0,0.0,0.0,0.0,0.0
2022/10/20/21:07:24.032693,1049,1666325244,32416462,base_link,0.0,0.0,0.0,0.0,0.0,0.0
2022/10/20/21:07:24.052662,1050,1666325244,52413631,base_link,0.0,0.0,0.0,0.0,0.0,0.0
2022/10/20/21:07:24.072695,1051,1666325244,72426254,base_link,0.0,0.0,0.0,0.0,0.0,0.0
2022/10/20/21:07:24.092602,1052,1666325244,92410678,base_link,0.0,0.0,0.0,0.0,0.0,0.0
2022/10/20/21:07:24.113639,1053,1666325244,113402269,base_link,0.0,0.0,0.0,0.0,0.0,0.0
2022/10/20/21:07:24.132624,1054,1666325244,132421372,base_link,0.0,0.0,0.0,0.0,0.0,0.0
2022/10/20/21:07:24.152730,1055,1666325244,152438100,base_link,0.0,0.0,0.0,0.0,0.0,0.0
2022/10/20/21:07:24.172683,1056,1666325244,172414052,base_link,0.0,0.0,0.0,0.0,0.0,0.0
2022/10/20/21:07:24.192643,1057,1666325244,192416921,base_link,0.0,0.0,0.0,0.0,0.0,0.0
2022/10/20/21:07:24.212731,1058,1666325244,212420120,base_link,0.0,0.0,0.0,0.0,0.0,0.0
2022/10/20/21:07:24.232571,1059,1666325244,232389547,base_link,0.0,0.0,0.0,0.0,0.0,0.0
2022/10/20/21:07:24.252630,1060,1666325244,252412633,base_link,0.0,0.0,0.0,0.0,0.0,0.0
2022/10/20/21:07:24.272623,1061,1666325244,272413526,base_link,0.0,0.0,0.0,0.0,0.0,0.0
2022/10/20/21:07:24.292605,1062,1666325244,292419621,base_link,0.0,0.0,0.0,0.0,0.0,0.0
2022/10/20/21:07:24.312738,1063,1666325244,312442743,base_link,0.0,0.0,0.0,0.0,0.0,0.0
2022/10/20/21:07:24.332607,1064,1666325244,332416683,base_link,0.0,0.0,0.0,0.0,0.0,0.0
2022/10/20/21:07:24.352871,1065,1666325244,352604246,base_link,0.0,0.0,0.0,0.0,0.0,0.0
2022/10/20/21:07:24.373378,1066,1666325244,373035838,base_link,0.0,0.0,0.0,0.0,0.0,0.0
2022/10/20/21:07:24.392890,1067,1666325244,392622935,base_link,0.0,0.0,0.0,0.0,0.0,0.0
2022/10/20/21:07:24.412642,1068,1666325244,412416112,base_link,0.0,0.0,0.0,0.0,0.0,0.0
2022/10/20/21:07:24.432746,1069,1666325244,432419370,base_link,0.0,0.0,0.0,0.0,0.0,0.0
2022/10/20/21:07:24.452811,1070,1666325244,452427083,base_link,0.0,0.0,0.0,0.0,0.0,0.0
2022/10/20/21:07:24.472627,1071,1666325244,472414797,base_link,0.0,0.0,0.0,0.0,0.0,0.0
2022/10/20/21:07:24.492753,1072,1666325244,492415059,base_link,0.0,0.0,0.0,0.0,0.0,0.0
2022/10/20/21:07:24.512603,1073,1666325244,512418033,base_link,0.0,0.0,0.0,0.0,0.0,0.0
2022/10/20/21:07:24.532717,1074,1666325244,532414665,base_link,0.0,0.0,0.0,0.0,0.0,0.0
2022/10/20/21:07:24.552648,1075,1666325244,552414945,base_link,0.0,0.0,0.0,0.0,0.0,0.0
2022/10/20/21:07:24.572654,1076,1666325244,572413267,base_link,0.0,0.0,0.0,0.0,0.0,0.0
2022/10/20/21:07:24.592778,1077,1666325244,592509205,base_link,0.0,0.0,0.0,0.0,0.0,0.0
2022/10/20/21:07:24.612633,1078,1666325244,612417360,base_link,0.0,0.0,0.0,0.0,0.0,0.0
2022/10/20/21:07:24.632688,1079,1666325244,632423555,base_link,0.0,0.0,0.0,0.0,0.0,0.0
2022/10/20/21:07:24.652642,1080,1666325244,652399779,base_link,0.0,0.0,0.0,0.0,0.0,0.0
2022/10/20/21:07:24.672646,1081,1666325244,672420041,base_link,0.0,0.0,0.0,0.0,0.0,0.0
2022/10/20/21:07:24.692704,1082,1666325244,692420613,base_link,0.0,0.0,0.0,0.0,0.0,0.0
2022/10/20/21:07:24.712657,1083,1666325244,712416010,base_link,0.0,0.0,0.0,0.0,0.0,0.0
2022/10/20/21:07:24.732956,1084,1666325244,732429382,base_link,0.0,0.0,0.0,0.0,0.0,0.0
2022/10/20/21:07:24.752708,1085,1666325244,752417090,base_link,0.0,0.0,0.0,0.0,0.0,0.0
2022/10/20/21:07:24.772672,1086,1666325244,772418513,base_link,0.0,0.0,0.0,0.0,0.0,0.0
2022/10/20/21:07:24.793861,1087,1666325244,792410856,base_link,0.0,0.0,0.0,0.0,0.0,0.0
2022/10/20/21:07:24.812688,1088,1666325244,812430487,base_link,0.0,0.0,0.0,0.0,0.0,0.0
2022/10/20/21:07:24.832672,1089,1666325244,832414795,base_link,0.0,0.0,0.0,0.0,0.0,0.0
2022/10/20/21:07:24.852656,1090,1666325244,852417962,base_link,0.0,0.0,0.0,0.0,0.0,0.0
2022/10/20/21:07:24.872649,1091,1666325244,872421445,base_link,0.0,0.0,0.0,0.0,0.0,0.0
2022/10/20/21:07:24.892946,1092,1666325244,892685339,base_link,0.0,0.0,0.0,0.0,0.0,0.0
2022/10/20/21:07:24.912635,1093,1666325244,912418491,base_link,0.0,0.0,0.0,0.0,0.0,0.0
2022/10/20/21:07:24.932593,1094,1666325244,932413539,base_link,0.0,0.0,0.0,0.0,0.0,0.0
2022/10/20/21:07:24.952657,1095,1666325244,952411762,base_link,0.0,0.0,0.0,0.0,0.0,0.0
2022/10/20/21:07:24.974213,1096,1666325244,972435545,base_link,0.0,0.0,0.0,0.0,0.0,0.0
2022/10/20/21:07:24.992692,1097,1666325244,992414192,base_link,0.0,0.0,0.0,0.0,0.0,0.0
2022/10/20/21:07:25.012658,1098,1666325245,12415412,base_link,0.0,0.0,0.0,0.0,0.0,0.0
2022/10/20/21:07:25.032626,1099,1666325245,32413024,base_link,0.0,0.0,0.0,0.0,0.0,0.0
2022/10/20/21:07:25.052680,1100,1666325245,52402033,base_link,0.0,0.0,0.0,0.0,0.0,0.0
2022/10/20/21:07:25.072864,1101,1666325245,72457946,base_link,0.0,0.0,0.0,0.0,0.0,0.0
2022/10/20/21:07:25.092693,1102,1666325245,92432892,base_link,0.0,0.0,0.0,0.0,0.0,0.0
2022/10/20/21:07:25.112653,1103,1666325245,112420756,base_link,0.0,0.0,0.0,0.0,0.0,0.0
2022/10/20/21:07:25.132653,1104,1666325245,132412672,base_link,0.0,0.0,0.0,0.0,0.0,0.0
2022/10/20/21:07:25.153705,1105,1666325245,153267462,base_link,0.0,0.0,0.0,0.0,0.0,0.0
2022/10/20/21:07:25.172710,1106,1666325245,172413778,base_link,0.0,0.0,0.0,0.0,0.0,0.0
2022/10/20/21:07:25.192595,1107,1666325245,192376649,base_link,0.0,0.0,0.0,0.0,0.0,0.0
2022/10/20/21:07:25.212772,1108,1666325245,212421160,base_link,0.0,0.0,0.0,0.0,0.0,0.0
2022/10/20/21:07:25.232614,1109,1666325245,232422783,base_link,0.0,0.0,0.0,0.0,0.0,0.0
2022/10/20/21:07:25.252699,1110,1666325245,252416917,base_link,0.0,0.0,0.0,0.0,0.0,0.0
2022/10/20/21:07:25.272678,1111,1666325245,272420402,base_link,0.0,0.0,0.0,0.0,0.0,0.0
2022/10/20/21:07:25.292641,1112,1666325245,292416597,base_link,0.0,0.0,0.0,0.0,0.0,0.0
2022/10/20/21:07:25.312625,1113,1666325245,312422477,base_link,0.0,0.0,0.0,0.0,0.0,0.0
2022/10/20/21:07:25.333951,1114,1666325245,333674153,base_link,0.0,0.0,0.0,0.0,0.0,0.0
2022/10/20/21:07:25.352712,1115,1666325245,352417434,base_link,0.0,0.0,0.0,0.0,0.0,0.0
2022/10/20/21:07:25.372757,1116,1666325245,372424048,base_link,0.0,0.0,0.0,0.0,0.0,0.0
2022/10/20/21:07:25.393711,1117,1666325245,393420093,base_link,0.0,0.0,0.0,0.0,0.0,0.0
2022/10/20/21:07:25.412624,1118,1666325245,412421746,base_link,0.0,0.0,0.0,0.0,0.0,0.0
2022/10/20/21:07:25.432677,1119,1666325245,432422637,base_link,0.0,0.0,0.0,0.0,0.0,0.0
2022/10/20/21:07:25.452746,1120,1666325245,452426209,base_link,0.0,0.0,0.0,0.0,0.0,0.0
2022/10/20/21:07:25.472625,1121,1666325245,472413346,base_link,0.0,0.0,0.0,0.0,0.0,0.0
2022/10/20/21:07:25.492879,1122,1666325245,492428664,base_link,0.0,0.0,0.0,0.0,0.0,0.0
2022/10/20/21:07:25.512748,1123,1666325245,512444546,base_link,0.0,0.0,0.0,0.0,0.0,0.0
2022/10/20/21:07:25.532656,1124,1666325245,532419607,base_link,0.0,0.0,0.0,0.0,0.0,0.0
2022/10/20/21:07:25.553008,1125,1666325245,552420721,base_link,0.0,0.0,0.0,0.0,0.0,0.0
2022/10/20/21:07:25.572698,1126,1666325245,572422367,base_link,0.0,0.0,0.0,0.0,0.0,0.0
2022/10/20/21:07:25.592936,1127,1666325245,592421249,base_link,0.0,0.0,0.0,0.0,0.0,0.0
2022/10/20/21:07:25.612897,1128,1666325245,612584145,base_link,0.0,0.0,0.0,0.0,0.0,0.0
2022/10/20/21:07:25.632678,1129,1666325245,632437452,base_link,0.0,0.0,0.0,0.0,0.0,0.0
2022/10/20/21:07:25.652593,1130,1666325245,652415284,base_link,0.0,0.0,0.0,0.0,0.0,0.0
2022/10/20/21:07:25.672663,1131,1666325245,672416165,base_link,0.0,0.0,0.0,0.0,0.0,0.0
2022/10/20/21:07:25.692690,1132,1666325245,692421127,base_link,0.0,0.0,0.0,0.0,0.0,0.0
2022/10/20/21:07:25.713091,1133,1666325245,712477693,base_link,0.0,0.0,0.0,0.0,0.0,0.0
2022/10/20/21:07:25.732634,1134,1666325245,732417318,base_link,0.0,0.0,0.0,0.0,0.0,0.0
2022/10/20/21:07:25.752701,1135,1666325245,752468634,base_link,0.0,0.0,0.0,0.0,0.0,0.0
2022/10/20/21:07:25.772655,1136,1666325245,772417824,base_link,0.0,0.0,0.0,0.0,0.0,0.0
2022/10/20/21:07:25.792706,1137,1666325245,792417545,base_link,0.0,0.0,0.0,0.0,0.0,0.0
2022/10/20/21:07:25.812660,1138,1666325245,812410071,base_link,0.0,0.0,0.0,0.0,0.0,0.0
2022/10/20/21:07:25.832767,1139,1666325245,832411241,base_link,0.0,0.0,0.0,0.0,0.0,0.0
2022/10/20/21:07:25.852669,1140,1666325245,852411854,base_link,0.0,0.0,0.0,0.0,0.0,0.0
2022/10/20/21:07:25.873930,1141,1666325245,872532772,base_link,0.0,0.0,0.0,0.0,0.0,0.0
2022/10/20/21:07:25.892627,1142,1666325245,892413722,base_link,0.0,0.0,0.0,0.0,0.0,0.0
2022/10/20/21:07:25.912669,1143,1666325245,912416702,base_link,0.0,0.0,0.0,0.0,0.0,0.0
2022/10/20/21:07:25.932875,1144,1666325245,932414342,base_link,0.0,0.0,0.0,0.0,0.0,0.0
